	Latitude	Longitude	Timestamp	Date	Time	Distance(Km)	Time(Hr)	Speed(Km/Hr)	Hour	DistClus	ClusDur	Weekday	StayPoint	StayptId	StayMeanLat	StayMeanLon	State	StateId	StateMeanLat	StateMeanLon
0	39.9753465	116.328048	2009-09-19 13:32:00	2009-09-19	13:32:00	0.0	0.0		13	1	0.0	5Saturday	-1	-1	-1.0	-1.0	-1	-1	-1.0	-1.0
1	39.97549266666667	116.32780299999997	2009-09-19 13:33:00	2009-09-19	13:33:00	0.026487061365059766	0.016666666666666666	1.589223681903586	13	1	0.0	5Saturday	-1	-1	-1.0	-1.0	-1	-1	-1.0	-1.0
2	39.975682533333334	116.32688746666666	2009-09-19 13:34:00	2009-09-19	13:34:00	0.08091003099056447	0.016666666666666666	4.854601859433869	13	1	0.0	5Saturday	-1	-1	-1.0	-1.0	-1	-1	-1.0	-1.0
3	39.97555177777778	116.32583133333335	2009-09-19 13:35:00	2009-09-19	13:35:00	0.09126286431516345	0.016666666666666666	5.475771858909807	13	1	0.0	5Saturday	-1	-1	-1.0	-1.0	-1	-1	-1.0	-1.0
4	39.975558	116.32530200000001	2009-09-19 13:36:00	2009-09-19	13:36:00	0.04516072640097329	0.016666666666666666	2.7096435840583974	13	1	0.0	5Saturday	-1	-1	-1.0	-1.0	-1	-1	-1.0	-1.0
5	39.975522999999995	116.32538799999999	2009-09-19 13:37:00	2009-09-19	13:37:00	0.008306746705528244	0.016666666666666666	0.49840480233169465	13	1	0.0	5Saturday	-1	-1	-1.0	-1.0	-1	-1	-1.0	-1.0
6	39.975381	116.32523899999998	2009-09-19 13:38:00	2009-09-19	13:38:00	0.020283818936619787	0.016666666666666666	1.2170291361971872	13	1	0.0	5Saturday	-1	-1	-1.0	-1.0	-1	-1	-1.0	-1.0
7	39.97537	116.32528	2009-09-19 13:39:00	2009-09-19	13:39:00	0.003705723227158086	0.016666666666666666	0.22234339362948516	13	1	7.0	5Saturday	-1	-1	-1.0	-1.0	-1	-1	-1.0	-1.0
8	39.974877142857146	116.31992442857144	2009-09-19 13:41:00	2009-09-19	13:41:00	0.4601488461036833	0.03333333333333333	13.804465383110498	13	2	0.0	5Saturday	-1	-1	-1.0	-1.0	-1	-1	-1.0	-1.0
9	39.97473147826088	116.31825386956523	2009-09-19 13:42:00	2009-09-19	13:42:00	0.14343015086220723	0.016666666666666666	8.605809051732434	13	2	0.0	5Saturday	-1	-1	-1.0	-1.0	-1	-1	-1.0	-1.0
10	39.974629	116.316959	2009-09-19 13:43:00	2009-09-19	13:43:00	0.11104931689587896	0.016666666666666666	6.6629590137527375	13	2	0.0	5Saturday	-1	-1	-1.0	-1.0	-1	-1	-1.0	-1.0
11	39.974554999999995	116.31646839999999	2009-09-19 13:44:00	2009-09-19	13:44:00	0.042654809745350415	0.016666666666666666	2.559288584721025	13	2	0.0	5Saturday	-1	-1	-1.0	-1.0	-1	-1	-1.0	-1.0
12	39.974442599999996	116.31572230000002	2009-09-19 13:45:00	2009-09-19	13:45:00	0.06486615402676676	0.016666666666666666	3.891969241606006	13	2	4.0	5Saturday	-1	-1	-1.0	-1.0	-1	-1	-1.0	-1.0
13	39.974563200000006	116.31436053333331	2009-09-19 13:47:00	2009-09-19	13:47:00	0.11694209404256427	0.03333333333333333	3.508262821276928	13	3	0.0	5Saturday	-1	-1	-1.0	-1.0	-1	-1	-1.0	-1.0
14	39.97502217647059	116.31255005882353	2009-09-19 13:48:00	2009-09-19	13:48:00	0.16267819165579064	0.016666666666666666	9.76069149934744	13	3	0.0	5Saturday	-1	-1	-1.0	-1.0	-1	-1	-1.0	-1.0
15	39.974934749999996	116.31147368749998	2009-09-19 13:50:00	2009-09-19	13:50:00	0.09233624462609255	0.03333333333333333	2.7700873387827767	13	3	3.0	5Saturday	-1	-1	-1.0	-1.0	-1	-1	-1.0	-1.0
16	39.974583913043475	116.3095113043478	2009-09-19 13:51:00	2009-09-19	13:51:00	0.17190072310380664	0.016666666666666666	10.314043386228398	13	4	0.0	5Saturday	-1	-1	-1.0	-1.0	-1	-1	-1.0	-1.0
17	39.97492233333334	116.30942199999998	2009-09-19 13:52:00	2009-09-19	13:52:00	0.03843535454477578	0.016666666666666666	2.3061212726865468	13	4	0.0	5Saturday	-1	-1	-1.0	-1.0	-1	-1	-1.0	-1.0
18	39.974923875	116.3102035	2009-09-19 13:53:00	2009-09-19	13:53:00	0.06666763112524349	0.016666666666666666	4.0000578675146095	13	4	0.0	5Saturday	-1	-1	-1.0	-1.0	-1	-1	-1.0	-1.0
19	39.9749867	116.31095910000002	2009-09-19 13:54:00	2009-09-19	13:54:00	0.06483622212481617	0.016666666666666666	3.89017332748897	13	4	0.0	5Saturday	-1	-1	-1.0	-1.0	-1	-1	-1.0	-1.0
20	39.97561088888889	116.31090833333334	2009-09-19 13:55:00	2009-09-19	13:55:00	0.06961921827536192	0.016666666666666666	4.177153096521716	13	4	0.0	5Saturday	-1	-1	-1.0	-1.0	-1	-1	-1.0	-1.0
21	39.97605214285714	116.31094742857144	2009-09-19 13:56:00	2009-09-19	13:56:00	0.049233254896566055	0.016666666666666666	2.9539952937939633	13	4	0.0	5Saturday	-1	-1	-1.0	-1.0	-1	-1	-1.0	-1.0
22	39.976593199999996	116.3105166	2009-09-19 13:57:00	2009-09-19	13:57:00	0.07055765280807169	0.016666666666666666	4.233459168484302	13	4	6.0	5Saturday	-1	-1	-1.0	-1.0	-1	-1	-1.0	-1.0
23	39.97726133333333	116.31024488888887	2009-09-19 13:58:00	2009-09-19	13:58:00	0.07790414802547559	0.016666666666666666	4.674248881528535	13	5	0.0	5Saturday	-1	-1	-1.0	-1.0	-1	-1	-1.0	-1.0
24	39.977668124999994	116.309913375	2009-09-19 13:59:00	2009-09-19	13:59:00	0.05338867569749521	0.016666666666666666	3.203320541849713	13	5	1.0	5Saturday	-1	-1	-1.0	-1.0	-1	-1	-1.0	-1.0
25	39.97812366666667	116.30947516666667	2009-09-19 14:00:00	2009-09-19	14:00:00	0.06299905888836846	0.016666666666666666	3.7799435333021076	14	6	0.0	5Saturday	-1	-1	-1.0	-1.0	-1	-1	-1.0	-1.0
26	39.9785985	116.30928100000001	2009-09-19 14:01:00	2009-09-19	14:01:00	0.05539242551934304	0.016666666666666666	3.323545531160583	14	6	0.0	5Saturday	-1	-1	-1.0	-1.0	-1	-1	-1.0	-1.0
27	39.97897714285715	116.30888928571427	2009-09-19 14:02:00	2009-09-19	14:02:00	0.05378801706543305	0.016666666666666666	3.227281023925983	14	6	0.0	5Saturday	-1	-1	-1.0	-1.0	-1	-1	-1.0	-1.0
28	39.97932528571429	116.30862757142856	2009-09-19 14:03:00	2009-09-19	14:03:00	0.044725248017892495	0.016666666666666666	2.68351488107355	14	6	0.0	5Saturday	-1	-1	-1.0	-1.0	-1	-1	-1.0	-1.0
29	39.97966627272727	116.30827390909093	2009-09-19 14:04:00	2009-09-19	14:04:00	0.04848656439969379	0.016666666666666666	2.9091938639816273	14	6	0.0	5Saturday	-1	-1	-1.0	-1.0	-1	-1	-1.0	-1.0
30	39.97996366666666	116.308714	2009-09-19 14:05:00	2009-09-19	14:05:00	0.0500524965382512	0.016666666666666666	3.0031497922950723	14	6	5.0	5Saturday	-1	-1	-1.0	-1.0	-1	-1	-1.0	-1.0
31	39.981134999999995	116.306702	2009-09-19 14:50:00	2009-09-19	14:50:00	0.21553832306345874	0.75	0.28738443075127834	14	7	0.0	5Saturday	-1	-1	-1.0	-1.0	-1	-1	-1.0	-1.0
32	39.98137466666667	116.30633483333331	2009-09-19 14:51:00	2009-09-19	14:51:00	0.041142168523699854	0.016666666666666666	2.468530111421991	14	7	0.0	5Saturday	-1	-1	-1.0	-1.0	-1	-1	-1.0	-1.0
33	39.9811658	116.30612959999999	2009-09-19 14:52:00	2009-09-19	14:52:00	0.029104522351528016	0.016666666666666666	1.746271341091681	14	7	0.0	5Saturday	-1	-1	-1.0	-1.0	-1	-1	-1.0	-1.0
34	39.981184125	116.30551387499999	2009-09-19 14:53:00	2009-09-19	14:53:00	0.05256044016087204	0.016666666666666666	3.1536264096523223	14	7	0.0	5Saturday	-1	-1	-1.0	-1.0	-1	-1	-1.0	-1.0
35	39.98122675	116.30494525	2009-09-19 14:54:00	2009-09-19	14:54:00	0.048734771014660935	0.016666666666666666	2.924086260879656	14	7	0.0	5Saturday	-1	-1	-1.0	-1.0	-1	-1	-1.0	-1.0
36	39.980973444444444	116.30504511111111	2009-09-19 14:55:00	2009-09-19	14:55:00	0.029456343694499582	0.016666666666666666	1.767380621669975	14	7	0.0	5Saturday	-1	-1	-1.0	-1.0	-1	-1	-1.0	-1.0
37	39.980428999999994	116.30544516666669	2009-09-19 14:56:00	2009-09-19	14:56:00	0.06955381960643128	0.016666666666666666	4.173229176385877	14	7	0.0	5Saturday	-1	-1	-1.0	-1.0	-1	-1	-1.0	-1.0
38	39.980306999999996	116.3057885	2009-09-19 14:58:00	2009-09-19	14:58:00	0.03228213286785293	0.03333333333333333	0.968463986035588	14	7	0.0	5Saturday	-1	-1	-1.0	-1.0	-1	-1	-1.0	-1.0
39	39.98020690909091	116.30599836363636	2009-09-19 14:59:00	2009-09-19	14:59:00	0.021085709730824635	0.016666666666666666	1.265142583849478	14	7	9.0	5Saturday	-1	-1	-1.0	-1.0	-1	-1	-1.0	-1.0
40	39.97955642105263	116.30647094736842	2009-09-19 15:00:00	2009-09-19	15:00:00	0.08287663158945034	0.016666666666666666	4.972597895367021	15	8	0.0	5Saturday	-1	-1	-1.0	-1.0	-1	-1	-1.0	-1.0
41	39.979494499999994	116.305799	2009-09-19 15:01:00	2009-09-19	15:01:00	0.057730932290898956	0.016666666666666666	3.4638559374539373	15	8	0.0	5Saturday	-1	-1	-1.0	-1.0	-1	-1	-1.0	-1.0
42	39.9791596	116.30545300000001	2009-09-19 15:02:00	2009-09-19	15:02:00	0.04754955444800638	0.016666666666666666	2.852973266880383	15	8	0.0	5Saturday	-1	-1	-1.0	-1.0	-1	-1	-1.0	-1.0
43	39.98055250000001	116.30509454166666	2009-09-19 15:04:00	2009-09-19	15:04:00	0.15804299515809755	0.03333333333333333	4.741289854742926	15	8	4.0	5Saturday	-1	-1	-1.0	-1.0	-1	-1	-1.0	-1.0
44	39.98276592307692	116.30486692307694	2009-09-19 15:05:00	2009-09-19	15:05:00	0.24716089671088845	0.016666666666666666	14.829653802653308	15	9	0.0	5Saturday	-1	-1	-1.0	-1.0	-1	-1	-1.0	-1.0
45	39.98360100000001	116.30488350000002	2009-09-19 15:06:00	2009-09-19	15:06:00	0.09297109059400574	0.016666666666666666	5.578265435640344	15	9	0.0	5Saturday	-1	-1	-1.0	-1.0	-1	-1	-1.0	-1.0
46	39.98379634782609	116.30621160869563	2009-09-19 15:07:00	2009-09-19	15:07:00	0.11535073465352072	0.016666666666666666	6.921044079211243	15	9	0.0	5Saturday	-1	-1	-1.0	-1.0	-1	-1	-1.0	-1.0
47	39.98389	116.30751000000001	2009-09-19 15:08:00	2009-09-19	15:08:00	0.11123700820050608	0.016666666666666666	6.674220492030365	15	9	3.0	5Saturday	-1	-1	-1.0	-1.0	-1	-1	-1.0	-1.0
48	39.983893916666666	116.30832250000003	2009-09-19 15:10:00	2009-09-19	15:10:00	0.06930420147818486	0.03333333333333333	2.079126044345546	15	10	0.0	5Saturday	-1	-1	-1.0	-1.0	-1	-1	-1.0	-1.0
49	39.983889	116.30946687499998	2009-09-19 15:11:00	2009-09-19	15:11:00	0.0976119057145768	0.016666666666666666	5.856714342874608	15	10	1.0	5Saturday	-1	-1	-1.0	-1.0	-1	-1	-1.0	-1.0
50	39.98643515	116.31009354999999	2009-09-19 15:12:00	2009-09-19	15:12:00	0.28843218285442523	0.016666666666666666	17.305930971265514	15	11	0.0	5Saturday	-1	-1	-1.0	-1.0	-1	-1	-1.0	-1.0
51	39.98964211111111	116.30987744444445	2009-09-19 15:13:00	2009-09-19	15:13:00	0.3574727776507941	0.016666666666666666	21.448366659047647	15	12	0.0	5Saturday	-1	-1	-1.0	-1.0	-1	-1	-1.0	-1.0
52	39.99065622222222	116.31052155555552	2009-09-19 15:14:00	2009-09-19	15:14:00	0.12554709955177798	0.016666666666666666	7.532825973106679	15	12	1.0	5Saturday	-1	-1	-1.0	-1.0	-1	-1	-1.0	-1.0
53	39.99090181818182	116.3135930909091	2009-09-19 15:15:00	2009-09-19	15:15:00	0.2633854054209492	0.016666666666666666	15.80312432525695	15	13	0.0	5Saturday	-1	-1	-1.0	-1.0	-1	-1	-1.0	-1.0
54	39.991123190476195	116.3190040238095	2009-09-19 15:16:00	2009-09-19	15:16:00	0.46213919481121357	0.016666666666666666	27.728351688672813	15	14	0.0	5Saturday	-1	-1	-1.0	-1.0	-1	-1	-1.0	-1.0
55	39.991375352941176	116.32472747058823	2009-09-19 15:17:00	2009-09-19	15:17:00	0.48893979135153537	0.016666666666666666	29.33638748109212	15	15	0.0	5Saturday	-1	-1	-1.0	-1.0	-1	-1	-1.0	-1.0
56	39.99128816666666	116.32645258333334	2009-09-19 15:18:00	2009-09-19	15:18:00	0.14744860237856672	0.016666666666666666	8.846916142714003	15	15	0.0	5Saturday	-1	-1	-1.0	-1.0	-1	-1	-1.0	-1.0
57	39.99126533333334	116.32733400000001	2009-09-19 15:20:00	2009-09-19	15:20:00	0.07521596477985851	0.03333333333333333	2.2564789433957553	15	15	0.0	5Saturday	-1	-1	-1.0	-1.0	-1	-1	-1.0	-1.0
58	39.99131444444444	116.3279262222222	2009-09-19 15:21:00	2009-09-19	15:21:00	0.05080360495780852	0.016666666666666666	3.048216297468511	15	15	0.0	5Saturday	-1	-1	-1.0	-1.0	-1	-1	-1.0	-1.0
59	39.99135685714286	116.3285862857143	2009-09-19 15:22:00	2009-09-19	15:22:00	0.05649214379423419	0.016666666666666666	3.3895286276540513	15	15	0.0	5Saturday	-1	-1	-1.0	-1.0	-1	-1	-1.0	-1.0
60	39.991405	116.32931677777778	2009-09-19 15:23:00	2009-09-19	15:23:00	0.06253114817769921	0.016666666666666666	3.7518688906619526	15	15	6.0	5Saturday	-1	-1	-1.0	-1.0	-1	-1	-1.0	-1.0
61	39.991412857142855	116.330061	2009-09-19 15:24:00	2009-09-19	15:24:00	0.06347806434334567	0.016666666666666666	3.8086838606007403	15	16	0.0	5Saturday	-1	-1	-1.0	-1.0	-1	-1	-1.0	-1.0
62	39.9914115	116.33021099999999	2009-09-19 15:25:00	2009-09-19	15:25:00	0.012793852237061889	0.016666666666666666	0.7676311342237133	15	16	0.0	5Saturday	-1	-1	-1.0	-1.0	-1	-1	-1.0	-1.0
63	39.99114925	116.33015624999999	2009-09-19 15:26:00	2009-09-19	15:26:00	0.02956461121344353	0.016666666666666666	1.773876672806612	15	16	0.0	5Saturday	-1	-1	-1.0	-1.0	-1	-1	-1.0	-1.0
64	39.990768125	116.33023875	2009-09-19 15:27:00	2009-09-19	15:27:00	0.04300613463993436	0.016666666666666666	2.5803680783960616	15	16	0.0	5Saturday	-1	-1	-1.0	-1.0	-1	-1	-1.0	-1.0
65	39.991054999999996	116.329847	2009-09-19 15:30:00	2009-09-19	15:30:00	0.046218371865460565	0.05	0.9243674373092112	15	16	6.0	5Saturday	-1	-1	-1.0	-1.0	-1	-1	-1.0	-1.0
66	39.992552	116.332802	2009-09-19 18:01:00	2009-09-19	18:01:00	0.30213352116146375	2.5166666666666666	0.12005305476614454	18	17	0.0	5Saturday	-1	-1	-1.0	-1.0	-1	-1	-1.0	-1.0
67	39.99242266666667	116.33306133333333	2009-09-19 18:03:00	2009-09-19	18:03:00	0.026390452345779587	0.03333333333333333	0.7917135703733876	18	17	0.0	5Saturday	-1	-1	-1.0	-1.0	-1	-1	-1.0	-1.0
68	39.99216175	116.33305125000001	2009-09-19 18:04:00	2009-09-19	18:04:00	0.02905783842392103	0.016666666666666666	1.7434703054352618	18	17	0.0	5Saturday	-1	-1	-1.0	-1.0	-1	-1	-1.0	-1.0
69	39.99198833333333	116.3332175	2009-09-19 18:05:00	2009-09-19	18:05:00	0.02395216054309571	0.016666666666666666	1.4371296325857428	18	17	0.0	5Saturday	-1	-1	-1.0	-1.0	-1	-1	-1.0	-1.0
70	39.991713	116.333323	2009-09-19 18:07:00	2009-09-19	18:07:00	0.03194336059877054	0.03333333333333333	0.9583008179631162	18	17	0.0	5Saturday	-1	-1	-1.0	-1.0	-1	-1	-1.0	-1.0
71	39.99175666666667	116.33365683333334	2009-09-19 18:08:00	2009-09-19	18:08:00	0.02888328741516602	0.016666666666666666	1.7329972449099613	18	17	0.0	5Saturday	-1	-1	-1.0	-1.0	-1	-1	-1.0	-1.0
72	39.99164	116.33401266666668	2009-09-19 18:09:00	2009-09-19	18:09:00	0.03300980405481459	0.016666666666666666	1.9805882432888753	18	17	0.0	5Saturday	-1	-1	-1.0	-1.0	-1	-1	-1.0	-1.0
73	39.9913612	116.33388459999999	2009-09-19 18:10:00	2009-09-19	18:10:00	0.0329017141122633	0.016666666666666666	1.9741028467357982	18	17	0.0	5Saturday	-1	-1	-1.0	-1.0	-1	-1	-1.0	-1.0
74	39.9912828	116.33394700000001	2009-09-19 18:11:00	2009-09-19	18:11:00	0.010222071241532666	0.016666666666666666	0.61332427449196	18	17	0.0	5Saturday	-1	-1	-1.0	-1.0	-1	-1	-1.0	-1.0
75	39.991456	116.333827625	2009-09-19 18:17:00	2009-09-19	18:17:00	0.02180351481770823	0.1	0.2180351481770823	18	17	0.0	5Saturday	-1	-1	-1.0	-1.0	-1	-1	-1.0	-1.0
76	39.991753	116.33381600000001	2009-09-19 18:18:00	2009-09-19	18:18:00	0.03307675112671466	0.016666666666666666	1.9846050676028797	18	17	0.0	5Saturday	-1	-1	-1.0	-1.0	-1	-1	-1.0	-1.0
77	39.99168622222223	116.33342877777778	2009-09-19 18:19:00	2009-09-19	18:19:00	0.033850943149586074	0.016666666666666666	2.0310565889751646	18	17	0.0	5Saturday	-1	-1	-1.0	-1.0	-1	-1	-1.0	-1.0
78	39.991988444444445	116.33289477777778	2009-09-19 18:20:00	2009-09-19	18:20:00	0.05662155001592264	0.016666666666666666	3.3972930009553584	18	17	0.0	5Saturday	-1	-1	-1.0	-1.0	-1	-1	-1.0	-1.0
79	39.99244933333333	116.33292833333333	2009-09-19 18:21:00	2009-09-19	18:21:00	0.0513856687445231	0.016666666666666666	3.083140124671386	18	17	20.0	5Saturday	-1	-1	-1.0	-1.0	-1	-1	-1.0	-1.0
80	39.991530999999995	116.3325775	2009-09-19 19:37:00	2009-09-19	19:37:00	0.10651720687776474	1.2666666666666666	0.08409253174560374	19	18	0.0	5Saturday	-1	-1	-1.0	-1.0	-1	-1	-1.0	-1.0
81	39.991429555555555	116.33215233333334	2009-09-19 19:38:00	2009-09-19	19:38:00	0.03797866308941581	0.016666666666666666	2.278719785364949	19	18	0.0	5Saturday	-1	-1	-1.0	-1.0	-1	-1	-1.0	-1.0
82	39.991534	116.331845	2009-09-19 19:39:00	2009-09-19	19:39:00	0.028674272237786427	0.016666666666666666	1.7204563342671857	19	18	0.0	5Saturday	-1	-1	-1.0	-1.0	-1	-1	-1.0	-1.0
83	39.991482222222224	116.33122988888891	2009-09-19 19:40:00	2009-09-19	19:40:00	0.05277623011495151	0.016666666666666666	3.1665738068970906	19	18	0.0	5Saturday	-1	-1	-1.0	-1.0	-1	-1	-1.0	-1.0
84	39.991577666666664	116.33070166666668	2009-09-19 19:41:00	2009-09-19	19:41:00	0.04628604530475282	0.016666666666666666	2.7771627182851693	19	18	0.0	5Saturday	-1	-1	-1.0	-1.0	-1	-1	-1.0	-1.0
85	39.991574	116.33067566666666	2009-09-19 19:42:00	2009-09-19	19:42:00	0.0022546949003152466	0.016666666666666666	0.1352816940189148	19	18	0.0	5Saturday	-1	-1	-1.0	-1.0	-1	-1	-1.0	-1.0
86	39.99135825	116.33071	2009-09-19 19:43:00	2009-09-19	19:43:00	0.024195021947159123	0.016666666666666666	1.4517013168295474	19	18	0.0	5Saturday	-1	-1	-1.0	-1.0	-1	-1	-1.0	-1.0
87	39.991081111111114	116.33124500000001	2009-09-19 19:44:00	2009-09-19	19:44:00	0.05507929159095804	0.016666666666666666	3.3047574954574825	19	18	0.0	5Saturday	-1	-1	-1.0	-1.0	-1	-1	-1.0	-1.0
88	39.990778500000005	116.3316475	2009-09-19 19:45:00	2009-09-19	19:45:00	0.04809567722261639	0.016666666666666666	2.885740633356983	19	18	0.0	5Saturday	-1	-1	-1.0	-1.0	-1	-1	-1.0	-1.0
89	39.990613999999994	116.33140566666667	2009-09-19 19:46:00	2009-09-19	19:46:00	0.02758142227047928	0.016666666666666666	1.6548853362287568	19	18	0.0	5Saturday	-1	-1	-1.0	-1.0	-1	-1	-1.0	-1.0
90	39.990505	116.331267	2009-09-19 19:47:00	2009-09-19	19:47:00	0.01694392151778121	0.016666666666666666	1.0166352910668728	19	18	0.0	5Saturday	-1	-1	-1.0	-1.0	-1	-1	-1.0	-1.0
91	39.990736399999996	116.3311422	2009-09-19 19:48:00	2009-09-19	19:48:00	0.027871759526772538	0.016666666666666666	1.6723055716063524	19	18	0.0	5Saturday	-1	-1	-1.0	-1.0	-1	-1	-1.0	-1.0
92	39.990999333333335	116.331259	2009-09-19 19:49:00	2009-09-19	19:49:00	0.030918309546409152	0.016666666666666666	1.855098572784549	19	18	0.0	5Saturday	-1	-1	-1.0	-1.0	-1	-1	-1.0	-1.0
93	39.991384749999995	116.3306245	2009-09-19 19:50:00	2009-09-19	19:50:00	0.06905906382444936	0.016666666666666666	4.143543829466962	19	18	0.0	5Saturday	-1	-1	-1.0	-1.0	-1	-1	-1.0	-1.0
94	39.991457600000004	116.3303216	2009-09-19 19:51:00	2009-09-19	19:51:00	0.027076238605690833	0.016666666666666666	1.62457431634145	19	18	0.0	5Saturday	-1	-1	-1.0	-1.0	-1	-1	-1.0	-1.0
95	39.99159499999999	116.33045588888889	2009-09-19 19:52:00	2009-09-19	19:52:00	0.019108042312615207	0.016666666666666666	1.1464825387569124	19	18	0.0	5Saturday	-1	-1	-1.0	-1.0	-1	-1	-1.0	-1.0
96	39.991346750000005	116.330154	2009-09-19 19:53:00	2009-09-19	19:53:00	0.03777041808886461	0.016666666666666666	2.2662250853318766	19	18	0.0	5Saturday	-1	-1	-1.0	-1.0	-1	-1	-1.0	-1.0
97	39.991152625	116.32955987499997	2009-09-19 19:54:00	2009-09-19	19:54:00	0.055086551010868914	0.016666666666666666	3.305193060652135	19	18	0.0	5Saturday	-1	-1	-1.0	-1.0	-1	-1	-1.0	-1.0
98	39.99081857142857	116.32912985714286	2009-09-19 19:55:00	2009-09-19	19:55:00	0.052229276398393615	0.016666666666666666	3.133756583903617	19	18	18.0	5Saturday	-1	-1	-1.0	-1.0	-1	-1	-1.0	-1.0
99	39.99098266666666	116.32860750000002	2009-09-19 19:56:00	2009-09-19	19:56:00	0.04814989075474416	0.016666666666666666	2.8889934452846493	19	19	0.0	5Saturday	-1	-1	-1.0	-1.0	-1	-1	-1.0	-1.0
100	39.99113214285715	116.3281402857143	2009-09-19 19:57:00	2009-09-19	19:57:00	0.04318192491756995	0.016666666666666666	2.590915495054197	19	19	0.0	5Saturday	-1	-1	-1.0	-1.0	-1	-1	-1.0	-1.0
101	39.99167463636364	116.32769836363636	2009-09-19 19:58:00	2009-09-19	19:58:00	0.07118635059660366	0.016666666666666666	4.27118103579622	19	19	0.0	5Saturday	-1	-1	-1.0	-1.0	-1	-1	-1.0	-1.0
102	39.99112362499999	116.327696125	2009-09-19 19:59:00	2009-09-19	19:59:00	0.06133860156458901	0.016666666666666666	3.6803160938753403	19	19	3.0	5Saturday	-1	-1	-1.0	-1.0	-1	-1	-1.0	-1.0
103	39.991431750000004	116.328053875	2009-09-19 20:00:00	2009-09-19	20:00:00	0.045906964941954516	0.016666666666666666	2.754417896517271	20	20	0.0	5Saturday	-1	-1	-1.0	-1.0	-1	-1	-1.0	-1.0
104	39.99156955555555	116.32859322222222	2009-09-19 20:01:00	2009-09-19	20:01:00	0.048489485975774634	0.016666666666666666	2.909369158546478	20	20	0.0	5Saturday	-1	-1	-1.0	-1.0	-1	-1	-1.0	-1.0
105	39.991153749999995	116.329054625	2009-09-19 20:02:00	2009-09-19	20:02:00	0.060753965194388894	0.016666666666666666	3.6452379116633336	20	20	0.0	5Saturday	-1	-1	-1.0	-1.0	-1	-1	-1.0	-1.0
106	39.99083407142858	116.32958728571427	2009-09-19 20:03:00	2009-09-19	20:03:00	0.05770779239381417	0.016666666666666666	3.46246754362885	20	20	0.0	5Saturday	-1	-1	-1.0	-1.0	-1	-1	-1.0	-1.0
107	39.991258	116.33002128571427	2009-09-19 20:04:00	2009-09-19	20:04:00	0.059975927104215634	0.016666666666666666	3.598555626252938	20	20	0.0	5Saturday	-1	-1	-1.0	-1.0	-1	-1	-1.0	-1.0
108	39.99137433333333	116.33042466666666	2009-09-19 20:05:00	2009-09-19	20:05:00	0.03675962960501426	0.016666666666666666	2.205577776300856	20	20	0.0	5Saturday	-1	-1	-1.0	-1.0	-1	-1	-1.0	-1.0
109	39.99088155555556	116.33100633333333	2009-09-19 20:06:00	2009-09-19	20:06:00	0.07396049805051172	0.016666666666666666	4.437629883030703	20	20	6.0	5Saturday	-1	-1	-1.0	-1.0	-1	-1	-1.0	-1.0
110	39.991317900000006	116.33281939999999	2009-09-19 20:07:00	2009-09-19	20:07:00	0.1620803292009438	0.016666666666666666	9.724819752056629	20	21	0.0	5Saturday	-1	-1	-1.0	-1.0	-1	-1	-1.0	-1.0
111	39.99107071428572	116.33474057142858	2009-09-19 20:08:00	2009-09-19	20:08:00	0.1661447864563576	0.016666666666666666	9.968687187381457	20	21	1.0	5Saturday	-1	-1	-1.0	-1.0	-1	-1	-1.0	-1.0
112	39.98263436363636	116.33439499999999	2009-09-19 20:09:00	2009-09-19	20:09:00	0.9395926719115262	0.016666666666666666	56.37556031469157	20	22	0.0	5Saturday	-1	-1	-1.0	-1.0	-1	-1	-1.0	-1.0
113	39.975161	116.3326995	2009-09-19 21:22:00	2009-09-19	21:22:00	0.8444092389011733	1.2166666666666666	0.6940349908776767	21	23	0.0	5Saturday	-1	-1	-1.0	-1.0	-1	-1	-1.0	-1.0
114	39.97512625	116.33229287500001	2009-09-19 21:23:00	2009-09-19	21:23:00	0.034902872445771414	0.016666666666666666	2.094172346746285	21	23	0.0	5Saturday	-1	-1	-1.0	-1.0	-1	-1	-1.0	-1.0
115	39.975846777777775	116.331777	2009-09-19 21:24:00	2009-09-19	21:24:00	0.09148824325685528	0.016666666666666666	5.489294595411317	21	23	0.0	5Saturday	-1	-1	-1.0	-1.0	-1	-1	-1.0	-1.0
116	39.97662455555555	116.33159422222222	2009-09-19 21:25:00	2009-09-19	21:25:00	0.08797454549947842	0.016666666666666666	5.278472729968705	21	23	0.0	5Saturday	-1	-1	-1.0	-1.0	-1	-1	-1.0	-1.0
117	39.97738783333333	116.33152183333334	2009-09-19 21:26:00	2009-09-19	21:26:00	0.08519178764410755	0.016666666666666666	5.111507258646453	21	23	4.0	5Saturday	-1	-1	-1.0	-1.0	-1	-1	-1.0	-1.0
118	39.978429562500004	116.33168431250002	2009-09-19 21:27:00	2009-09-19	21:27:00	0.11679009085537755	0.016666666666666666	7.0074054513226525	21	24	0.0	5Saturday	-1	-1	-1.0	-1.0	-1	-1	-1.0	-1.0
119	39.9784605	116.331397	2009-09-19 21:28:00	2009-09-19	21:28:00	0.02474929026812322	0.016666666666666666	1.4849574160873933	21	24	1.0	5Saturday	-1	-1	-1.0	-1.0	-1	-1	-1.0	-1.0
120	39.891450666666664	116.41175499999999	2009-09-20 10:44:00	2009-09-20	10:44:00	11.86860466858657	13.266666666666667	0.8946184423557716	10	25	0.0	6Sunday	-1	-1	-1.0	-1.0	-1	-1	-1.0	-1.0
121	39.890634999999996	116.412217	2009-09-20 10:45:00	2009-09-20	10:45:00	0.09900338890544591	0.016666666666666666	5.940203334326755	10	25	0.0	6Sunday	-1	-1	-1.0	-1.0	-1	-1	-1.0	-1.0
122	39.890280555555556	116.412224	2009-09-20 10:46:00	2009-09-20	10:46:00	0.039461104701582074	0.016666666666666666	2.3676662820949246	10	25	0.0	6Sunday	-1	-1	-1.0	-1.0	-1	-1	-1.0	-1.0
123	39.890137333333335	116.41174066666667	2009-09-20 10:47:00	2009-09-20	10:47:00	0.04425449348569185	0.016666666666666666	2.6552696091415107	10	25	0.0	6Sunday	-1	-1	-1.0	-1.0	-1	-1	-1.0	-1.0
124	39.8900868	116.41133500000001	2009-09-20 10:48:00	2009-09-20	10:48:00	0.03510278031726153	0.016666666666666666	2.1061668190356917	10	25	0.0	6Sunday	-1	-1	-1.0	-1.0	-1	-1	-1.0	-1.0
125	39.890165625	116.410736375	2009-09-20 10:49:00	2009-09-20	10:49:00	0.051877680984772655	0.016666666666666666	3.1126608590863594	10	25	0.0	6Sunday	-1	-1	-1.0	-1.0	-1	-1	-1.0	-1.0
126	39.890221999999994	116.4105917142857	2009-09-20 10:50:00	2009-09-20	10:50:00	0.01385823858737011	0.016666666666666666	0.8314943152422065	10	25	0.0	6Sunday	-1	-1	-1.0	-1.0	-1	-1	-1.0	-1.0
127	39.89020716666667	116.41143008333331	2009-09-20 10:51:00	2009-09-20	10:51:00	0.0716263395977557	0.016666666666666666	4.297580375865342	10	25	0.0	6Sunday	-1	-1	-1.0	-1.0	-1	-1	-1.0	-1.0
128	39.890009600000006	116.4120342	2009-09-20 10:52:00	2009-09-20	10:52:00	0.05609079997041994	0.016666666666666666	3.365447998225197	10	25	0.0	6Sunday	-1	-1	-1.0	-1.0	-1	-1	-1.0	-1.0
129	39.889461	116.41202771428571	2009-09-20 10:53:00	2009-09-20	10:53:00	0.06107238511406317	0.016666666666666666	3.66434310684379	10	25	9.0	6Sunday	-1	-1	-1.0	-1.0	-1	-1	-1.0	-1.0
130	39.890763	116.414965	2009-09-20 10:55:00	2009-09-20	10:55:00	0.289738896811008	0.03333333333333333	8.692166904330241	10	26	0.0	6Sunday	-1	-1	-1.0	-1.0	-1	-1	-1.0	-1.0
131	39.889344	116.41200333333332	2009-09-20 10:56:00	2009-09-20	10:56:00	0.2982332267171828	0.016666666666666666	17.893993603030967	10	27	0.0	6Sunday	-1	-1	-1.0	-1.0	-1	-1	-1.0	-1.0
132	39.888955	116.41213833333332	2009-09-20 10:58:00	2009-09-20	10:58:00	0.04481222499995551	0.03333333333333333	1.3443667499986653	10	27	0.0	6Sunday	-1	-1	-1.0	-1.0	-1	-1	-1.0	-1.0
133	39.88923825	116.41197400000001	2009-09-20 10:59:00	2009-09-20	10:59:00	0.03451433273863071	0.016666666666666666	2.0708599643178425	10	27	3.0	6Sunday	-1	-1	-1.0	-1.0	-1	-1	-1.0	-1.0
134	39.889472	116.41196000000001	2009-09-20 11:00:00	2009-09-20	11:00:00	0.026048392785511788	0.016666666666666666	1.5629035671307072	11	28	0.0	6Sunday	-1	-1	-1.0	-1.0	-1	-1	-1.0	-1.0
135	39.88929833333333	116.41199633333333	2009-09-20 11:03:00	2009-09-20	11:03:00	0.019579985561499407	0.05	0.3915997112299881	11	28	0.0	6Sunday	-1	-1	-1.0	-1.0	-1	-1	-1.0	-1.0
136	39.89013123529411	116.41189970588235	2009-09-20 11:04:00	2009-09-20	11:04:00	0.09308482743176015	0.016666666666666666	5.585089645905609	11	28	0.0	6Sunday	-1	-1	-1.0	-1.0	-1	-1	-1.0	-1.0
137	39.891253	116.41142199999999	2009-09-20 11:05:00	2009-09-20	11:05:00	0.13137113133898798	0.016666666666666666	7.8822678803392785	11	28	5.0	6Sunday	-1	-1	-1.0	-1.0	-1	-1	-1.0	-1.0
138	39.886468	116.40935	2009-09-20 11:46:00	2009-09-20	11:46:00	0.5612949853200493	0.6833333333333333	0.821407295590316	11	29	0.0	6Sunday	-1	-1	-1.0	-1.0	-1	-1	-1.0	-1.0
139	39.886108875	116.40971125	2009-09-20 11:47:00	2009-09-20	11:47:00	0.05050117621935265	0.016666666666666666	3.030070573161159	11	29	0.0	6Sunday	-1	-1	-1.0	-1.0	-1	-1	-1.0	-1.0
140	39.88555485714286	116.41038514285715	2009-09-20 11:48:00	2009-09-20	11:48:00	0.08436240085838911	0.016666666666666666	5.0617440515033465	11	29	0.0	6Sunday	-1	-1	-1.0	-1.0	-1	-1	-1.0	-1.0
141	39.88507723076923	116.41117276923077	2009-09-20 11:49:00	2009-09-20	11:49:00	0.08575133378767842	0.016666666666666666	5.145080027260706	11	29	3.0	6Sunday	-1	-1	-1.0	-1.0	-1	-1	-1.0	-1.0
142	39.884367416666656	116.41206658333334	2009-09-20 11:50:00	2009-09-20	11:50:00	0.10987602292436392	0.016666666666666666	6.592561375461836	11	30	0.0	6Sunday	-1	-1	-1.0	-1.0	-1	-1	-1.0	-1.0
143	39.88315966666667	116.41347994444443	2009-09-20 11:51:00	2009-09-20	11:51:00	0.18069739991742478	0.016666666666666666	10.841843995045487	11	30	0.0	6Sunday	-1	-1	-1.0	-1.0	-1	-1	-1.0	-1.0
144	39.882538499999995	116.41397525000001	2009-09-20 11:52:00	2009-09-20	11:52:00	0.0810652029854918	0.016666666666666666	4.863912179129509	11	30	0.0	6Sunday	-1	-1	-1.0	-1.0	-1	-1	-1.0	-1.0
145	39.882461	116.4139135	2009-09-20 11:53:00	2009-09-20	11:53:00	0.01011204160616504	0.016666666666666666	0.6067224963699024	11	30	0.0	6Sunday	-1	-1	-1.0	-1.0	-1	-1	-1.0	-1.0
146	39.88255975	116.4136105	2009-09-20 11:54:00	2009-09-20	11:54:00	0.02812059664482535	0.016666666666666666	1.687235798689521	11	30	0.0	6Sunday	-1	-1	-1.0	-1.0	-1	-1	-1.0	-1.0
147	39.88248633333333	116.41339066666666	2009-09-20 11:55:00	2009-09-20	11:55:00	0.02048000965854265	0.016666666666666666	1.2288005795125592	11	30	0.0	6Sunday	-1	-1	-1.0	-1.0	-1	-1	-1.0	-1.0
148	39.8824705	116.41297783333334	2009-09-20 11:56:00	2009-09-20	11:56:00	0.03530917808928394	0.016666666666666666	2.1185506853570364	11	30	0.0	6Sunday	-1	-1	-1.0	-1.0	-1	-1	-1.0	-1.0
149	39.8823565	116.41213259999999	2009-09-20 11:57:00	2009-09-20	11:57:00	0.073308587319145	0.016666666666666666	4.3985152391487	11	30	0.0	6Sunday	-1	-1	-1.0	-1.0	-1	-1	-1.0	-1.0
150	39.88229025	116.41123	2009-09-20 11:58:00	2009-09-20	11:58:00	0.07745421832820067	0.016666666666666666	4.6472530996920405	11	30	8.0	6Sunday	-1	-1	-1.0	-1.0	-1	-1	-1.0	-1.0
151	39.88231499999999	116.41056999999998	2009-09-20 12:01:00	2009-09-20	12:01:00	0.05644612077745184	0.05	1.1289224155490367	12	31	0.0	6Sunday	-1	-1	-1.0	-1.0	-1	-1	-1.0	-1.0
152	39.882431833333335	116.4100775	2009-09-20 12:02:00	2009-09-20	12:02:00	0.04403499854862318	0.016666666666666666	2.642099912917391	12	31	0.0	6Sunday	-1	-1	-1.0	-1.0	-1	-1	-1.0	-1.0
153	39.882417875	116.40944062499999	2009-09-20 12:03:00	2009-09-20	12:03:00	0.054425533864473415	0.016666666666666666	3.265532031868405	12	31	0.0	6Sunday	-1	-1	-1.0	-1.0	-1	-1	-1.0	-1.0
154	39.882463	116.4088854	2009-09-20 12:04:00	2009-09-20	12:04:00	0.0476938776470084	0.016666666666666666	2.861632658820504	12	31	0.0	6Sunday	-1	-1	-1.0	-1.0	-1	-1	-1.0	-1.0
155	39.882444428571425	116.40829014285714	2009-09-20 12:05:00	2009-09-20	12:05:00	0.05089024222069898	0.016666666666666666	3.053414533241939	12	31	0.0	6Sunday	-1	-1	-1.0	-1.0	-1	-1	-1.0	-1.0
156	39.88224233333333	116.40797766666667	2009-09-20 12:06:00	2009-09-20	12:06:00	0.034908589098383576	0.016666666666666666	2.0945153459030146	12	31	0.0	6Sunday	-1	-1	-1.0	-1.0	-1	-1	-1.0	-1.0
157	39.88204	116.40791850000001	2009-09-20 12:07:00	2009-09-20	12:07:00	0.02308374350105488	0.016666666666666666	1.3850246100632928	12	31	0.0	6Sunday	-1	-1	-1.0	-1.0	-1	-1	-1.0	-1.0
158	39.882015	116.40776699999999	2009-09-20 12:08:00	2009-09-20	12:08:00	0.013237407398423839	0.016666666666666666	0.7942444439054304	12	31	0.0	6Sunday	-1	-1	-1.0	-1.0	-1	-1	-1.0	-1.0
159	39.88207233333333	116.40761233333332	2009-09-20 12:09:00	2009-09-20	12:09:00	0.014672850181078851	0.016666666666666666	0.880371010864731	12	31	0.0	6Sunday	-1	-1	-1.0	-1.0	-1	-1	-1.0	-1.0
160	39.882222	116.40748799999999	2009-09-20 12:10:00	2009-09-20	12:10:00	0.019758189601906638	0.016666666666666666	1.1854913761143984	12	31	0.0	6Sunday	-1	-1	-1.0	-1.0	-1	-1	-1.0	-1.0
161	39.882248	116.407344	2009-09-20 12:11:00	2009-09-20	12:11:00	0.01263676872949667	0.016666666666666666	0.7582061237698001	12	31	0.0	6Sunday	-1	-1	-1.0	-1.0	-1	-1	-1.0	-1.0
162	39.882243	116.40719299999999	2009-09-20 12:12:00	2009-09-20	12:12:00	0.012910809382674839	0.016666666666666666	0.7746485629604903	12	31	0.0	6Sunday	-1	-1	-1.0	-1.0	-1	-1	-1.0	-1.0
163	39.882253000000006	116.40710200000001	2009-09-20 12:13:00	2009-09-20	12:13:00	0.007852755242648411	0.016666666666666666	0.4711653145589047	12	31	0.0	6Sunday	-1	-1	-1.0	-1.0	-1	-1	-1.0	-1.0
164	39.8823525	116.40671175	2009-09-20 12:14:00	2009-09-20	12:14:00	0.03512807157736871	0.016666666666666666	2.1076842946421226	12	31	0.0	6Sunday	-1	-1	-1.0	-1.0	-1	-1	-1.0	-1.0
165	39.8821715	116.40648099999999	2009-09-20 12:15:00	2009-09-20	12:15:00	0.028187029802395614	0.016666666666666666	1.6912217881437368	12	31	0.0	6Sunday	-1	-1	-1.0	-1.0	-1	-1	-1.0	-1.0
166	39.882128	116.406608	2009-09-20 12:16:00	2009-09-20	12:16:00	0.011880348132028337	0.016666666666666666	0.7128208879217002	12	31	0.0	6Sunday	-1	-1	-1.0	-1.0	-1	-1	-1.0	-1.0
167	39.882107	116.406702	2009-09-20 12:17:00	2009-09-20	12:17:00	0.008363105538415861	0.016666666666666666	0.5017863323049517	12	31	0.0	6Sunday	-1	-1	-1.0	-1.0	-1	-1	-1.0	-1.0
168	39.882028	116.40682566666668	2009-09-20 12:18:00	2009-09-20	12:18:00	0.013745388272266878	0.016666666666666666	0.8247232963360127	12	31	0.0	6Sunday	-1	-1	-1.0	-1.0	-1	-1	-1.0	-1.0
169	39.88169366666666	116.40706416666667	2009-09-20 12:19:00	2009-09-20	12:19:00	0.04242924753029499	0.016666666666666666	2.5457548518176996	12	31	0.0	6Sunday	-1	-1	-1.0	-1.0	-1	-1	-1.0	-1.0
170	39.88176555555555	116.40737955555556	2009-09-20 12:20:00	2009-09-20	12:20:00	0.028104947760672235	0.016666666666666666	1.686296865640334	12	31	0.0	6Sunday	-1	-1	-1.0	-1.0	-1	-1	-1.0	-1.0
171	39.881909500000006	116.40718199999999	2009-09-20 12:21:00	2009-09-20	12:21:00	0.02327134593704774	0.016666666666666666	1.3962807562228645	12	31	0.0	6Sunday	-1	-1	-1.0	-1.0	-1	-1	-1.0	-1.0
172	39.882648333333336	116.40709005555556	2009-09-20 12:22:00	2009-09-20	12:22:00	0.08262071381337531	0.016666666666666666	4.957242828802519	12	31	0.0	6Sunday	-1	-1	-1.0	-1.0	-1	-1	-1.0	-1.0
173	39.880469272727275	116.40729075757575	2009-09-20 12:23:00	2009-09-20	12:23:00	0.24317704255414158	0.016666666666666666	14.590622553248494	12	31	0.0	6Sunday	-1	-1	-1.0	-1.0	-1	-1	-1.0	-1.0
174	39.88067159999999	116.40710299999998	2009-09-20 12:24:00	2009-09-20	12:24:00	0.02765027358963659	0.016666666666666666	1.6590164153781954	12	31	23.0	6Sunday	-1	-1	-1.0	-1.0	-1	-1	-1.0	-1.0
175	39.860026749999996	116.40699731250002	2009-09-20 12:25:00	2009-09-20	12:25:00	2.2981919284737455	0.016666666666666666	137.89151570842475	12	32	0.0	6Sunday	-1	-1	-1.0	-1.0	-1	-1	-1.0	-1.0
176	39.88145	116.406648	2009-09-20 12:26:00	2009-09-20	12:26:00	2.385012011759735	0.016666666666666666	143.1007207055841	12	33	0.0	6Sunday	-1	-1	-1.0	-1.0	-1	-1	-1.0	-1.0
177	39.88158416666666	116.40641850000002	2009-09-20 12:27:00	2009-09-20	12:27:00	0.024645665013266725	0.016666666666666666	1.4787399007960036	12	33	1.0	6Sunday	-1	-1	-1.0	-1.0	-1	-1	-1.0	-1.0
178	39.9315574	116.37464687500001	2009-09-20 12:30:00	2009-09-20	12:30:00	6.18930956717541	0.05	123.78619134350821	12	34	0.0	6Sunday	-1	-1	-1.0	-1.0	-1	-1	-1.0	-1.0
179	39.950782956521735	116.35484221739131	2009-09-20 12:31:00	2009-09-20	12:31:00	2.7271805663602455	0.016666666666666666	163.63083398161473	12	35	0.0	6Sunday	-1	-1	-1.0	-1.0	-1	-1	-1.0	-1.0
180	39.964040000000004	116.343382	2009-09-20 12:32:00	2009-09-20	12:32:00	1.7703537263819822	0.016666666666666666	106.22122358291894	12	36	0.0	6Sunday	-1	-1	-1.0	-1.0	-1	-1	-1.0	-1.0
181	39.883081625	116.40526500000001	2009-09-20 12:33:00	2009-09-20	12:33:00	10.446569781170183	0.016666666666666666	626.794186870211	12	37	0.0	6Sunday	-1	-1	-1.0	-1.0	-1	-1	-1.0	-1.0
182	39.88255542857142	116.40580685714285	2009-09-20 12:34:00	2009-09-20	12:34:00	0.07465636181844448	0.016666666666666666	4.479381709106669	12	37	0.0	6Sunday	-1	-1	-1.0	-1.0	-1	-1	-1.0	-1.0
183	39.88243346153846	116.40672823076922	2009-09-20 12:35:00	2009-09-20	12:35:00	0.0798683107505079	0.016666666666666666	4.792098645030475	12	37	0.0	6Sunday	-1	-1	-1.0	-1.0	-1	-1	-1.0	-1.0
184	39.882351666666665	116.40731188888887	2009-09-20 12:36:00	2009-09-20	12:36:00	0.05068208910203143	0.016666666666666666	3.040925346121886	12	37	0.0	6Sunday	-1	-1	-1.0	-1.0	-1	-1	-1.0	-1.0
185	39.88187549999999	116.407680625	2009-09-20 12:37:00	2009-09-20	12:37:00	0.06165918231787452	0.016666666666666666	3.6995509390724712	12	37	0.0	6Sunday	-1	-1	-1.0	-1.0	-1	-1	-1.0	-1.0
186	39.88178777777778	116.40771277777782	2009-09-20 12:38:00	2009-09-20	12:38:00	0.010144099168064339	0.016666666666666666	0.6086459500838604	12	37	0.0	6Sunday	-1	-1	-1.0	-1.0	-1	-1	-1.0	-1.0
187	39.88131516666667	116.40798816666666	2009-09-20 12:39:00	2009-09-20	12:39:00	0.0576307984280118	0.016666666666666666	3.457847905680708	12	37	0.0	6Sunday	-1	-1	-1.0	-1.0	-1	-1	-1.0	-1.0
188	39.880786	116.40801249999998	2009-09-20 12:40:00	2009-09-20	12:40:00	0.058943227440030485	0.016666666666666666	3.5365936464018293	12	37	7.0	6Sunday	-1	-1	-1.0	-1.0	-1	-1	-1.0	-1.0
189	39.880258500000004	116.4080935	2009-09-20 12:41:00	2009-09-20	12:41:00	0.05912730027685447	0.016666666666666666	3.5476380166112684	12	38	0.0	6Sunday	-1	-1	-1.0	-1.0	-1	-1	-1.0	-1.0
190	39.88003066666667	116.40795516666667	2009-09-20 12:42:00	2009-09-20	12:42:00	0.027980185838479516	0.016666666666666666	1.678811150308771	12	38	0.0	6Sunday	-1	-1	-1.0	-1.0	-1	-1	-1.0	-1.0
191	39.880028083333336	116.40726458333334	2009-09-20 12:43:00	2009-09-20	12:43:00	0.058994001497665975	0.016666666666666666	3.5396400898599585	12	38	0.0	6Sunday	-1	-1	-1.0	-1.0	-1	-1	-1.0	-1.0
192	39.87965966666666	116.406789	2009-09-20 12:44:00	2009-09-20	12:44:00	0.057728077888327	0.016666666666666666	3.46368467329962	12	38	0.0	6Sunday	-1	-1	-1.0	-1.0	-1	-1	-1.0	-1.0
193	39.8793302	116.40670499999999	2009-09-20 12:45:00	2009-09-20	12:45:00	0.03737145097522243	0.016666666666666666	2.242287058513346	12	38	0.0	6Sunday	-1	-1	-1.0	-1.0	-1	-1	-1.0	-1.0
194	39.87876942857143	116.40675214285714	2009-09-20 12:46:00	2009-09-20	12:46:00	0.06255456132655883	0.016666666666666666	3.75327367959353	12	38	0.0	6Sunday	-1	-1	-1.0	-1.0	-1	-1	-1.0	-1.0
195	39.878128000000004	116.40667671428571	2009-09-20 12:47:00	2009-09-20	12:47:00	0.0716936595652666	0.016666666666666666	4.301619573915996	12	38	6.0	6Sunday	-1	-1	-1.0	-1.0	-1	-1	-1.0	-1.0
196	39.87755416666667	116.40668716666664	2009-09-20 12:48:00	2009-09-20	12:48:00	0.06388507502099186	0.016666666666666666	3.8331045012595117	12	39	0.0	6Sunday	-1	-1	-1.0	-1.0	-1	-1	-1.0	-1.0
197	39.87702828571428	116.406475	2009-09-20 12:49:00	2009-09-20	12:49:00	0.06128250591614842	0.016666666666666666	3.6769503549689055	12	39	0.0	6Sunday	-1	-1	-1.0	-1.0	-1	-1	-1.0	-1.0
198	39.87660085714286	116.4068547142857	2009-09-20 12:50:00	2009-09-20	12:50:00	0.05758676488115211	0.016666666666666666	3.4552058928691265	12	39	0.0	6Sunday	-1	-1	-1.0	-1.0	-1	-1	-1.0	-1.0
199	39.87672866666667	116.407082	2009-09-20 12:51:00	2009-09-20	12:51:00	0.024071632059511374	0.016666666666666666	1.4442979235706825	12	39	0.0	6Sunday	-1	-1	-1.0	-1.0	-1	-1	-1.0	-1.0
200	39.8770042	116.40723619999999	2009-09-20 12:52:00	2009-09-20	12:52:00	0.03338141235280035	0.016666666666666666	2.002884741168021	12	39	0.0	6Sunday	-1	-1	-1.0	-1.0	-1	-1	-1.0	-1.0
201	39.8770825	116.407025	2009-09-20 12:53:00	2009-09-20	12:53:00	0.02003771541854536	0.016666666666666666	1.2022629251127215	12	39	0.0	6Sunday	-1	-1	-1.0	-1.0	-1	-1	-1.0	-1.0
202	39.877083	116.40710700000001	2009-09-20 12:54:00	2009-09-20	12:54:00	0.007005398154123525	0.016666666666666666	0.4203238892474115	12	39	0.0	6Sunday	-1	-1	-1.0	-1.0	-1	-1	-1.0	-1.0
203	39.876813000000006	116.40687014285716	2009-09-20 12:55:00	2009-09-20	12:55:00	0.03623277718207515	0.016666666666666666	2.1739666309245087	12	39	0.0	6Sunday	-1	-1	-1.0	-1.0	-1	-1	-1.0	-1.0
204	39.876321857142855	116.40690742857143	2009-09-20 12:56:00	2009-09-20	12:56:00	0.05476648240402224	0.016666666666666666	3.285988944241334	12	39	0.0	6Sunday	-1	-1	-1.0	-1.0	-1	-1	-1.0	-1.0
205	39.875944000000004	116.406935	2009-09-20 12:57:00	2009-09-20	12:57:00	0.042128762727514396	0.016666666666666666	2.5277257636508637	12	39	0.0	6Sunday	-1	-1	-1.0	-1.0	-1	-1	-1.0	-1.0
206	39.875705333333336	116.40694233333335	2009-09-20 12:58:00	2009-09-20	12:58:00	0.02657563723641404	0.016666666666666666	1.5945382341848424	12	39	10.0	6Sunday	-1	-1	-1.0	-1.0	-1	-1	-1.0	-1.0
207	39.875525	116.40698	2009-09-20 13:00:00	2009-09-20	13:00:00	0.020330887911785982	0.03333333333333333	0.6099266373535794	13	40	0.0	6Sunday	-1	-1	-1.0	-1.0	-1	-1	-1.0	-1.0
208	39.875557	116.40706499999999	2009-09-20 13:01:00	2009-09-20	13:01:00	0.008088304391087731	0.016666666666666666	0.48529826346526383	13	40	0.0	6Sunday	-1	-1	-1.0	-1.0	-1	-1	-1.0	-1.0
209	39.87555	116.4073095	2009-09-20 13:03:00	2009-09-20	13:03:00	0.02090238330891152	0.03333333333333333	0.6270714992673456	13	40	0.0	6Sunday	-1	-1	-1.0	-1.0	-1	-1	-1.0	-1.0
210	39.875438333333335	116.40731066666666	2009-09-20 13:05:00	2009-09-20	13:05:00	0.012431076040669316	0.03333333333333333	0.3729322812200795	13	40	0.0	6Sunday	-1	-1	-1.0	-1.0	-1	-1	-1.0	-1.0
211	39.87510942857143	116.40713385714285	2009-09-20 13:06:00	2009-09-20	13:06:00	0.0396069679494355	0.016666666666666666	2.37641807696613	13	40	0.0	6Sunday	-1	-1	-1.0	-1.0	-1	-1	-1.0	-1.0
212	39.874900999999994	116.407154	2009-09-20 13:07:00	2009-09-20	13:07:00	0.023265889592120788	0.016666666666666666	1.3959533755272473	13	40	0.0	6Sunday	-1	-1	-1.0	-1.0	-1	-1	-1.0	-1.0
213	39.8746595	116.40692166666666	2009-09-20 13:08:00	2009-09-20	13:08:00	0.033417071006049535	0.016666666666666666	2.005024260362972	13	40	0.0	6Sunday	-1	-1	-1.0	-1.0	-1	-1	-1.0	-1.0
214	39.874107333333335	116.406942	2009-09-20 13:09:00	2009-09-20	13:09:00	0.061491453818554295	0.016666666666666666	3.689487229113258	13	40	0.0	6Sunday	-1	-1	-1.0	-1.0	-1	-1	-1.0	-1.0
215	39.873725	116.40694500000001	2009-09-20 13:10:00	2009-09-20	13:10:00	0.04256192367474473	0.016666666666666666	2.5537154204846835	13	40	0.0	6Sunday	-1	-1	-1.0	-1.0	-1	-1	-1.0	-1.0
216	39.873583	116.406908	2009-09-20 13:12:00	2009-09-20	13:12:00	0.016120328401590115	0.03333333333333333	0.48360985204770346	13	40	0.0	6Sunday	-1	-1	-1.0	-1.0	-1	-1	-1.0	-1.0
217	39.87364585714287	116.40727285714286	2009-09-20 13:17:00	2009-09-20	13:17:00	0.031946665868476845	0.08333333333333333	0.38335999042172214	13	40	0.0	6Sunday	-1	-1	-1.0	-1.0	-1	-1	-1.0	-1.0
218	39.87367366666667	116.40775833333333	2009-09-20 13:18:00	2009-09-20	13:18:00	0.04159118188863387	0.016666666666666666	2.4954709133180324	13	40	0.0	6Sunday	-1	-1	-1.0	-1.0	-1	-1	-1.0	-1.0
219	39.873667	116.407953	2009-09-20 13:25:00	2009-09-20	13:25:00	0.016647553726835865	0.11666666666666667	0.1426933176585931	13	40	0.0	6Sunday	-1	-1	-1.0	-1.0	-1	-1	-1.0	-1.0
220	39.873721875	116.40838587500001	2009-09-20 13:26:00	2009-09-20	13:26:00	0.03748301799567514	0.016666666666666666	2.2489810797405085	13	40	0.0	6Sunday	-1	-1	-1.0	-1.0	-1	-1	-1.0	-1.0
221	39.873767199999996	116.40924930000001	2009-09-20 13:27:00	2009-09-20	13:27:00	0.07393747184272123	0.016666666666666666	4.436248310563274	13	40	27.0	6Sunday	-1	-1	-1.0	-1.0	-1	-1	-1.0	-1.0
222	39.873805714285716	116.41005800000002	2009-09-20 13:28:00	2009-09-20	13:28:00	0.06922264329176676	0.016666666666666666	4.153358597506006	13	41	0.0	6Sunday	-1	-1	-1.0	-1.0	-1	-1	-1.0	-1.0
223	39.87383077777778	116.41081933333334	2009-09-20 13:29:00	2009-09-20	13:29:00	0.06510284517482799	0.016666666666666666	3.9061707104896795	13	41	0.0	6Sunday	-1	-1	-1.0	-1.0	-1	-1	-1.0	-1.0
224	39.87392642857143	116.41152914285713	2009-09-20 13:30:00	2009-09-20	13:30:00	0.061568853736856936	0.016666666666666666	3.694131224211416	13	41	0.0	6Sunday	-1	-1	-1.0	-1.0	-1	-1	-1.0	-1.0
225	39.87447142857143	116.411608	2009-09-20 13:31:00	2009-09-20	13:31:00	0.06104202795491791	0.016666666666666666	3.6625216772950746	13	41	0.0	6Sunday	-1	-1	-1.0	-1.0	-1	-1	-1.0	-1.0
226	39.875116285714284	116.41159328571429	2009-09-20 13:32:00	2009-09-20	13:32:00	0.07179617453272118	0.016666666666666666	4.307770471963271	13	41	0.0	6Sunday	-1	-1	-1.0	-1.0	-1	-1	-1.0	-1.0
227	39.87569933333334	116.41158483333334	2009-09-20 13:33:00	2009-09-20	13:33:00	0.06490858077759616	0.016666666666666666	3.8945148466557695	13	41	5.0	6Sunday	-1	-1	-1.0	-1.0	-1	-1	-1.0	-1.0
228	39.87631442857143	116.41147342857143	2009-09-20 13:34:00	2009-09-20	13:34:00	0.06913036086657365	0.016666666666666666	4.147821651994419	13	42	0.0	6Sunday	-1	-1	-1.0	-1.0	-1	-1	-1.0	-1.0
229	39.876983857142854	116.41148042857142	2009-09-20 13:35:00	2009-09-20	13:35:00	0.07452284707586988	0.016666666666666666	4.471370824552193	13	42	0.0	6Sunday	-1	-1	-1.0	-1.0	-1	-1	-1.0	-1.0
230	39.87759928571428	116.41152442857143	2009-09-20 13:36:00	2009-09-20	13:36:00	0.06861223567723078	0.016666666666666666	4.116734140633847	13	42	0.0	6Sunday	-1	-1	-1.0	-1.0	-1	-1	-1.0	-1.0
231	39.878280375	116.41145599999999	2009-09-20 13:37:00	2009-09-20	13:37:00	0.0760435346720984	0.016666666666666666	4.562612080325904	13	42	0.0	6Sunday	-1	-1	-1.0	-1.0	-1	-1	-1.0	-1.0
232	39.87897228571428	116.41143014285714	2009-09-20 13:38:00	2009-09-20	13:38:00	0.07705481572288232	0.016666666666666666	4.623288943372939	13	42	4.0	6Sunday	-1	-1	-1.0	-1.0	-1	-1	-1.0	-1.0
233	39.87948175	116.41143124999999	2009-09-20 13:39:00	2009-09-20	13:39:00	0.05671338372583125	0.016666666666666666	3.402803023549875	13	43	0.0	6Sunday	-1	-1	-1.0	-1.0	-1	-1	-1.0	-1.0
234	39.879988624999996	116.411299625	2009-09-20 13:40:00	2009-09-20	13:40:00	0.0575345045240222	0.016666666666666666	3.452070271441332	13	43	0.0	6Sunday	-1	-1	-1.0	-1.0	-1	-1	-1.0	-1.0
235	39.880713750000005	116.41135525000001	2009-09-20 13:41:00	2009-09-20	13:41:00	0.08086028531254066	0.016666666666666666	4.85161711875244	13	43	0.0	6Sunday	-1	-1	-1.0	-1.0	-1	-1	-1.0	-1.0
236	39.88146525	116.411275125	2009-09-20 13:42:00	2009-09-20	13:42:00	0.0839361352182777	0.016666666666666666	5.036168113096662	13	43	0.0	6Sunday	-1	-1	-1.0	-1.0	-1	-1	-1.0	-1.0
237	39.88202483333334	116.41097266666667	2009-09-20 13:43:00	2009-09-20	13:43:00	0.06743817639212529	0.016666666666666666	4.046290583527518	13	43	0.0	6Sunday	-1	-1	-1.0	-1.0	-1	-1	-1.0	-1.0
238	39.8823078	116.41112199999998	2009-09-20 13:44:00	2009-09-20	13:44:00	0.033984679547842594	0.016666666666666666	2.039080772870556	13	43	0.0	6Sunday	-1	-1	-1.0	-1.0	-1	-1	-1.0	-1.0
239	39.882405600000006	116.41185240000001	2009-09-20 13:45:00	2009-09-20	13:45:00	0.06333526752049976	0.016666666666666666	3.800116051229985	13	43	0.0	6Sunday	-1	-1	-1.0	-1.0	-1	-1	-1.0	-1.0
240	39.882418	116.4128527	2009-09-20 13:46:00	2009-09-20	13:46:00	0.08545912506788071	0.016666666666666666	5.127547504072843	13	43	7.0	6Sunday	-1	-1	-1.0	-1.0	-1	-1	-1.0	-1.0
241	39.882561333333335	116.41380577777778	2009-09-20 13:47:00	2009-09-20	13:47:00	0.08296285315088292	0.016666666666666666	4.977771189052976	13	44	0.0	6Sunday	-1	-1	-1.0	-1.0	-1	-1	-1.0	-1.0
242	39.8828525	116.41419425000001	2009-09-20 13:48:00	2009-09-20	13:48:00	0.04638700351214534	0.016666666666666666	2.7832202107287207	13	44	0.0	6Sunday	-1	-1	-1.0	-1.0	-1	-1	-1.0	-1.0
243	39.88248562500001	116.41400487500002	2009-09-20 13:49:00	2009-09-20	13:49:00	0.043927462668577645	0.016666666666666666	2.635647760114659	13	44	2.0	6Sunday	-1	-1	-1.0	-1.0	-1	-1	-1.0	-1.0
244	39.9486756	116.3490746	2009-09-20 15:16:00	2009-09-20	15:16:00	9.220885200897955	1.45	6.359231173033073	15	45	0.0	6Sunday	-1	-1	-1.0	-1.0	-1	-1	-1.0	-1.0
245	39.9488932	116.34954599999999	2009-09-20 15:17:00	2009-09-20	15:17:00	0.04695891028754585	0.016666666666666666	2.817534617252751	15	45	0.0	6Sunday	-1	-1	-1.0	-1.0	-1	-1	-1.0	-1.0
246	39.9492208	116.34941700000002	2009-09-20 15:18:00	2009-09-20	15:18:00	0.03809366450397859	0.016666666666666666	2.2856198702387154	15	45	0.0	6Sunday	-1	-1	-1.0	-1.0	-1	-1	-1.0	-1.0
247	39.949265000000004	116.34901299999999	2009-09-20 15:19:00	2009-09-20	15:19:00	0.034826297105249315	0.016666666666666666	2.089577826314959	15	45	0.0	6Sunday	-1	-1	-1.0	-1.0	-1	-1	-1.0	-1.0
248	39.94875252941176	116.34960176470588	2009-09-20 15:20:00	2009-09-20	15:20:00	0.07601978997791246	0.016666666666666666	4.561187398674748	15	45	4.0	6Sunday	-1	-1	-1.0	-1.0	-1	-1	-1.0	-1.0
249	39.945939409090904	116.35013422727275	2009-09-20 15:21:00	2009-09-20	15:21:00	0.3164348650686087	0.016666666666666666	18.98609190411652	15	46	0.0	6Sunday	-1	-1	-1.0	-1.0	-1	-1	-1.0	-1.0
250	39.94175188235293	116.3497164705882	2009-09-20 15:22:00	2009-09-20	15:22:00	0.46751484592423015	0.016666666666666666	28.05089075545381	15	47	0.0	6Sunday	-1	-1	-1.0	-1.0	-1	-1	-1.0	-1.0
251	39.93762035483873	116.3495195483871	2009-09-20 15:23:00	2009-09-20	15:23:00	0.46022654683004366	0.016666666666666666	27.61359280980262	15	48	0.0	6Sunday	-1	-1	-1.0	-1.0	-1	-1	-1.0	-1.0
252	39.93442180952381	116.34945857142856	2009-09-20 15:24:00	2009-09-20	15:24:00	0.35609847375393555	0.016666666666666666	21.36590842523613	15	49	0.0	6Sunday	-1	-1	-1.0	-1.0	-1	-1	-1.0	-1.0
253	39.93240890909091	116.34945863636362	2009-09-20 15:25:00	2009-09-20	15:25:00	0.22407505127755556	0.016666666666666666	13.444503076653334	15	50	0.0	6Sunday	-1	-1	-1.0	-1.0	-1	-1	-1.0	-1.0
254	39.930340214285714	116.3495064642857	2009-09-20 15:27:00	2009-09-20	15:27:00	0.23032223939848764	0.03333333333333333	6.90966718195463	15	51	0.0	6Sunday	-1	-1	-1.0	-1.0	-1	-1	-1.0	-1.0
255	39.92808272222222	116.35009488888889	2009-09-20 15:28:00	2009-09-20	15:28:00	0.25627370681646827	0.016666666666666666	15.376422408988097	15	52	0.0	6Sunday	-1	-1	-1.0	-1.0	-1	-1	-1.0	-1.0
256	39.927611473684216	116.3498474736842	2009-09-20 15:29:00	2009-09-20	15:29:00	0.05655129838362226	0.016666666666666666	3.3930779030173355	15	52	0.0	6Sunday	-1	-1	-1.0	-1.0	-1	-1	-1.0	-1.0
257	39.9268511	116.34991159999997	2009-09-20 15:30:00	2009-09-20	15:30:00	0.08482124531028765	0.016666666666666666	5.089274718617259	15	52	0.0	6Sunday	-1	-1	-1.0	-1.0	-1	-1	-1.0	-1.0
258	39.926754	116.34960242857142	2009-09-20 15:31:00	2009-09-20	15:31:00	0.02852069253273774	0.016666666666666666	1.7112415519642643	15	52	0.0	6Sunday	-1	-1	-1.0	-1.0	-1	-1	-1.0	-1.0
259	39.92597357142857	116.35009114285715	2009-09-20 15:32:00	2009-09-20	15:32:00	0.09637523192690979	0.016666666666666666	5.7825139156145875	15	52	4.0	6Sunday	-1	-1	-1.0	-1.0	-1	-1	-1.0	-1.0
260	39.92515921428571	116.35018249999997	2009-09-20 15:33:00	2009-09-20	15:33:00	0.0909886826237868	0.016666666666666666	5.459320957427209	15	53	0.0	6Sunday	-1	-1	-1.0	-1.0	-1	-1	-1.0	-1.0
261	39.92500375	116.34980999999999	2009-09-20 15:34:00	2009-09-20	15:34:00	0.036204221941001896	0.016666666666666666	2.1722533164601137	15	53	0.0	6Sunday	-1	-1	-1.0	-1.0	-1	-1	-1.0	-1.0
262	39.92409681818182	116.35102109090907	2009-09-20 15:35:00	2009-09-20	15:35:00	0.14450736666684239	0.016666666666666666	8.670442000010544	15	53	0.0	6Sunday	-1	-1	-1.0	-1.0	-1	-1	-1.0	-1.0
263	39.92394823809524	116.35036304761906	2009-09-20 15:36:00	2009-09-20	15:36:00	0.0585617269066949	0.016666666666666666	3.513703614401694	15	53	0.0	6Sunday	-1	-1	-1.0	-1.0	-1	-1	-1.0	-1.0
264	39.925158	116.35051157142857	2009-09-20 15:37:00	2009-09-20	15:37:00	0.1352656598552488	0.016666666666666666	8.115939591314929	15	53	0.0	6Sunday	-1	-1	-1.0	-1.0	-1	-1	-1.0	-1.0
265	39.9256584	116.3506284	2009-09-20 15:38:00	2009-09-20	15:38:00	0.05659007827999203	0.016666666666666666	3.3954046967995217	15	53	0.0	6Sunday	-1	-1	-1.0	-1.0	-1	-1	-1.0	-1.0
266	39.92616533333334	116.35065783333334	2009-09-20 15:39:00	2009-09-20	15:39:00	0.056487472311486625	0.016666666666666666	3.3892483386891974	15	53	0.0	6Sunday	-1	-1	-1.0	-1.0	-1	-1	-1.0	-1.0
267	39.926451333333326	116.35085633333334	2009-09-20 15:40:00	2009-09-20	15:40:00	0.03606615542575676	0.016666666666666666	2.1639693255454056	15	53	0.0	6Sunday	-1	-1	-1.0	-1.0	-1	-1	-1.0	-1.0
268	39.926360666666675	116.35117233333334	2009-09-20 15:41:00	2009-09-20	15:41:00	0.028802427844025282	0.016666666666666666	1.728145670641517	15	53	0.0	6Sunday	-1	-1	-1.0	-1.0	-1	-1	-1.0	-1.0
269	39.926454	116.35112849999999	2009-09-20 15:43:00	2009-09-20	15:43:00	0.011043118991020489	0.03333333333333333	0.3312935697306147	15	53	0.0	6Sunday	-1	-1	-1.0	-1.0	-1	-1	-1.0	-1.0
270	39.92662750000001	116.3510535	2009-09-20 15:44:00	2009-09-20	15:44:00	0.020347496566883175	0.016666666666666666	1.2208497940129905	15	53	0.0	6Sunday	-1	-1	-1.0	-1.0	-1	-1	-1.0	-1.0
271	39.926867333333334	116.35108233333334	2009-09-20 15:45:00	2009-09-20	15:45:00	0.026811348930233462	0.016666666666666666	1.6086809358140077	15	53	0.0	6Sunday	-1	-1	-1.0	-1.0	-1	-1	-1.0	-1.0
272	39.926702999999996	116.3510625	2009-09-20 15:49:00	2009-09-20	15:49:00	0.0183716870014799	0.06666666666666667	0.2755753050221985	15	53	0.0	6Sunday	-1	-1	-1.0	-1.0	-1	-1	-1.0	-1.0
273	39.926495	116.351293	2009-09-20 15:50:00	2009-09-20	15:50:00	0.030386168739913805	0.016666666666666666	1.8231701243948284	15	53	0.0	6Sunday	-1	-1	-1.0	-1.0	-1	-1	-1.0	-1.0
274	39.92671475	116.35139849999999	2009-09-20 15:51:00	2009-09-20	15:51:00	0.026067687612212675	0.016666666666666666	1.5640612567327605	15	53	0.0	6Sunday	-1	-1	-1.0	-1.0	-1	-1	-1.0	-1.0
275	39.926655333333336	116.35135833333334	2009-09-20 15:52:00	2009-09-20	15:52:00	0.007450203650430013	0.016666666666666666	0.44701221902580074	15	53	0.0	6Sunday	-1	-1	-1.0	-1.0	-1	-1	-1.0	-1.0
276	39.926362	116.351242	2009-09-20 15:53:00	2009-09-20	15:53:00	0.034130506305425065	0.016666666666666666	2.047830378325504	15	53	0.0	6Sunday	-1	-1	-1.0	-1.0	-1	-1	-1.0	-1.0
277	39.9262315	116.35087825	2009-09-20 15:54:00	2009-09-20	15:54:00	0.03428259157416762	0.016666666666666666	2.056955494450057	15	53	0.0	6Sunday	-1	-1	-1.0	-1.0	-1	-1	-1.0	-1.0
278	39.9264005	116.35028666666669	2009-09-20 15:55:00	2009-09-20	15:55:00	0.05389236885805562	0.016666666666666666	3.2335421314833375	15	53	0.0	6Sunday	-1	-1	-1.0	-1.0	-1	-1	-1.0	-1.0
279	39.92658900000001	116.3500195	2009-09-20 15:56:00	2009-09-20	15:56:00	0.030991785260235407	0.016666666666666666	1.8595071156141245	15	53	23.0	6Sunday	-1	-1	-1.0	-1.0	-1	-1	-1.0	-1.0
280	39.92853279310346	116.34987013793103	2009-09-20 15:57:00	2009-09-20	15:57:00	0.21675739734468352	0.016666666666666666	13.00544384068101	15	54	0.0	6Sunday	-1	-1	-1.0	-1.0	-1	-1	-1.0	-1.0
281	39.930958399999994	116.34981420000001	2009-09-20 15:58:00	2009-09-20	15:58:00	0.27005954282873973	0.016666666666666666	16.203572569724383	15	55	0.0	6Sunday	-1	-1	-1.0	-1.0	-1	-1	-1.0	-1.0
282	39.93397527777777	116.34960977777781	2009-09-20 15:59:00	2009-09-20	15:59:00	0.33629031329445846	0.016666666666666666	20.177418797667507	15	56	0.0	6Sunday	-1	-1	-1.0	-1.0	-1	-1	-1.0	-1.0
283	39.93917028947368	116.3497098157895	2009-09-20 16:00:00	2009-09-20	16:00:00	0.5783690906695084	0.016666666666666666	34.702145440170504	16	57	0.0	6Sunday	-1	-1	-1.0	-1.0	-1	-1	-1.0	-1.0
284	39.9448454090909	116.35019938636361	2009-09-20 16:01:00	2009-09-20	16:01:00	0.6331317069452503	0.016666666666666666	37.98790241671502	16	58	0.0	6Sunday	-1	-1	-1.0	-1.0	-1	-1	-1.0	-1.0
285	39.94895096551725	116.34990431034484	2009-09-20 16:02:00	2009-09-20	16:02:00	0.4577217018642115	0.016666666666666666	27.46330211185269	16	59	0.0	6Sunday	-1	-1	-1.0	-1.0	-1	-1	-1.0	-1.0
286	39.950997799999996	116.34964420000001	2009-09-20 16:03:00	2009-09-20	16:03:00	0.22893124752606014	0.016666666666666666	13.735874851563608	16	60	0.0	6Sunday	-1	-1	-1.0	-1.0	-1	-1	-1.0	-1.0
287	39.95129018181819	116.34998454545453	2009-09-20 16:04:00	2009-09-20	16:04:00	0.04362235308457392	0.016666666666666666	2.617341185074435	16	60	0.0	6Sunday	-1	-1	-1.0	-1.0	-1	-1	-1.0	-1.0
288	39.95166275	116.3494915	2009-09-20 16:05:00	2009-09-20	16:05:00	0.059079412846008574	0.016666666666666666	3.5447647707605143	16	60	0.0	6Sunday	-1	-1	-1.0	-1.0	-1	-1	-1.0	-1.0
289	39.95068947368421	116.34912721052632	2009-09-20 16:06:00	2009-09-20	16:06:00	0.11271634114063706	0.016666666666666666	6.762980468438223	16	60	3.0	6Sunday	-1	-1	-1.0	-1.0	-1	-1	-1.0	-1.0
290	39.937343	116.3895195	2009-09-20 20:01:00	2009-09-20	20:01:00	3.7538332973113047	3.9166666666666665	0.9584255227177799	20	61	0.0	6Sunday	-1	-1	-1.0	-1.0	-1	-1	-1.0	-1.0
291	39.93712125	116.38981033333333	2009-09-20 20:02:00	2009-09-20	20:02:00	0.03500820903199056	0.016666666666666666	2.100492541919434	20	61	0.0	6Sunday	-1	-1	-1.0	-1.0	-1	-1	-1.0	-1.0
292	39.9375687	116.38970479999998	2009-09-20 20:03:00	2009-09-20	20:03:00	0.05061783311650342	0.016666666666666666	3.0370699869902054	20	61	0.0	6Sunday	-1	-1	-1.0	-1.0	-1	-1	-1.0	-1.0
293	39.9379935	116.38953550000001	2009-09-20 20:04:00	2009-09-20	20:04:00	0.04944710110298473	0.016666666666666666	2.966826066179084	20	61	0.0	6Sunday	-1	-1	-1.0	-1.0	-1	-1	-1.0	-1.0
294	39.9377325	116.38940566666666	2009-09-20 20:05:00	2009-09-20	20:05:00	0.031096002215450575	0.016666666666666666	1.8657601329270346	20	61	0.0	6Sunday	-1	-1	-1.0	-1.0	-1	-1	-1.0	-1.0
295	39.93770133333333	116.38881300000001	2009-09-20 20:06:00	2009-09-20	20:06:00	0.050704958179025136	0.016666666666666666	3.0422974907415083	20	61	0.0	6Sunday	-1	-1	-1.0	-1.0	-1	-1	-1.0	-1.0
296	39.937525	116.388567	2009-09-20 20:07:00	2009-09-20	20:07:00	0.028743410491024152	0.016666666666666666	1.7246046294614492	20	61	0.0	6Sunday	-1	-1	-1.0	-1.0	-1	-1	-1.0	-1.0
297	39.93766575	116.388587875	2009-09-20 20:08:00	2009-09-20	20:08:00	0.0157692015857025	0.016666666666666666	0.94615209514215	20	61	0.0	6Sunday	-1	-1	-1.0	-1.0	-1	-1	-1.0	-1.0
298	39.937865599999995	116.38905	2009-09-20 20:09:00	2009-09-20	20:09:00	0.04528532294028238	0.016666666666666666	2.717119376416943	20	61	0.0	6Sunday	-1	-1	-1.0	-1.0	-1	-1	-1.0	-1.0
299	39.937948	116.38933300000001	2009-09-20 20:10:00	2009-09-20	20:10:00	0.025837964685406185	0.016666666666666666	1.5502778811243711	20	61	0.0	6Sunday	-1	-1	-1.0	-1.0	-1	-1	-1.0	-1.0
300	39.93792533333334	116.38954166666667	2009-09-20 20:11:00	2009-09-20	20:11:00	0.017988203720225252	0.016666666666666666	1.0792922232135151	20	61	0.0	6Sunday	-1	-1	-1.0	-1.0	-1	-1	-1.0	-1.0
301	39.937861600000005	116.3899476	2009-09-20 20:12:00	2009-09-20	20:12:00	0.03536663833951535	0.016666666666666666	2.121998300370921	20	61	11.0	6Sunday	-1	-1	-1.0	-1.0	-1	-1	-1.0	-1.0
302	39.94715925	116.387196125	2009-09-20 22:48:00	2009-09-20	22:48:00	1.0613155768692517	2.6	0.40819829879586605	22	62	0.0	6Sunday	-1	-1	-1.0	-1.0	-1	-1	-1.0	-1.0
303	39.946987428571425	116.38616914285714	2009-09-20 22:49:00	2009-09-20	22:49:00	0.08970726403423179	0.016666666666666666	5.382435842053908	22	62	1.0	6Sunday	-1	-1	-1.0	-1.0	-1	-1	-1.0	-1.0
304	39.937467999999996	116.37559300000001	2009-09-20 22:51:00	2009-09-20	22:51:00	1.3920263583872443	0.03333333333333333	41.76079075161733	22	63	0.0	6Sunday	-1	-1	-1.0	-1.0	-1	-1	-1.0	-1.0
305	39.939195222222224	116.3553791111111	2009-09-20 23:18:00	2009-09-20	23:18:00	1.7359895509920102	0.45	3.8577545577600225	23	64	0.0	6Sunday	-1	-1	-1.0	-1.0	-1	-1	-1.0	-1.0
306	39.9394074	116.35588659999999	2009-09-20 23:19:00	2009-09-20	23:19:00	0.04933622171523424	0.016666666666666666	2.9601733029140544	23	64	0.0	6Sunday	-1	-1	-1.0	-1.0	-1	-1	-1.0	-1.0
307	39.93930175	116.355869375	2009-09-20 23:21:00	2009-09-20	23:21:00	0.011852438102504963	0.03333333333333333	0.35557314307514887	23	64	0.0	6Sunday	-1	-1	-1.0	-1.0	-1	-1	-1.0	-1.0
308	39.93922128571428	116.35516714285714	2009-09-20 23:22:00	2009-09-20	23:22:00	0.0606021688186728	0.016666666666666666	3.6361301291203683	23	64	0.0	6Sunday	-1	-1	-1.0	-1.0	-1	-1	-1.0	-1.0
309	39.939263000000004	116.354863	2009-09-20 23:24:00	2009-09-20	23:24:00	0.026371110983669448	0.03333333333333333	0.7911333295100834	23	64	0.0	6Sunday	-1	-1	-1.0	-1.0	-1	-1	-1.0	-1.0
310	39.93915513333333	116.35371366666666	2009-09-20 23:25:00	2009-09-20	23:25:00	0.0988295502471891	0.016666666666666666	5.929773014831347	23	64	7.0	6Sunday	-1	-1	-1.0	-1.0	-1	-1	-1.0	-1.0
311	39.93993902564102	116.35073230769231	2009-09-20 23:26:00	2009-09-20	23:26:00	0.26900897776318927	0.016666666666666666	16.140538665791357	23	65	0.0	6Sunday	-1	-1	-1.0	-1.0	-1	-1	-1.0	-1.0
312	39.94497025925926	116.3501793148148	2009-09-20 23:27:00	2009-09-20	23:27:00	0.5620594354547573	0.016666666666666666	33.723566127285444	23	66	0.0	6Sunday	-1	-1	-1.0	-1.0	-1	-1	-1.0	-1.0
313	39.949295772727275	116.34982590909091	2009-09-20 23:28:00	2009-09-20	23:28:00	0.4824575941163634	0.016666666666666666	28.947455646981805	23	67	0.0	6Sunday	-1	-1	-1.0	-1.0	-1	-1	-1.0	-1.0
314	39.95314525581395	116.34909162790699	2009-09-20 23:29:00	2009-09-20	23:29:00	0.43307959508334004	0.016666666666666666	25.984775705000402	23	68	0.0	6Sunday	-1	-1	-1.0	-1.0	-1	-1	-1.0	-1.0
315	39.96074698333334	116.34881244999998	2009-09-20 23:30:00	2009-09-20	23:30:00	0.8465556799599837	0.016666666666666666	50.79334079759902	23	69	0.0	6Sunday	-1	-1	-1.0	-1.0	-1	-1	-1.0	-1.0
316	39.96635007317074	116.34891073170736	2009-09-20 23:31:00	2009-09-20	23:31:00	0.6237894727233507	0.016666666666666666	37.427368363401044	23	70	0.0	6Sunday	-1	-1	-1.0	-1.0	-1	-1	-1.0	-1.0
317	39.96657758333332	116.34262696666666	2009-09-20 23:32:00	2009-09-20	23:32:00	0.5367132855520533	0.016666666666666666	32.2027971331232	23	71	0.0	6Sunday	-1	-1	-1.0	-1.0	-1	-1	-1.0	-1.0
318	39.96658088461538	116.3349396153846	2009-09-20 23:33:00	2009-09-20	23:33:00	0.6558649339806132	0.016666666666666666	39.35189603883679	23	72	0.0	6Sunday	-1	-1	-1.0	-1.0	-1	-1	-1.0	-1.0
319	39.966744090909074	116.32982588636361	2009-09-20 23:34:00	2009-09-20	23:34:00	0.436667652074148	0.016666666666666666	26.20005912444888	23	73	0.0	6Sunday	-1	-1	-1.0	-1.0	-1	-1	-1.0	-1.0
320	39.971361374999994	116.32774219642859	2009-09-20 23:35:00	2009-09-20	23:35:00	0.5438668999476819	0.016666666666666666	32.63201399686091	23	74	0.0	6Sunday	-1	-1	-1.0	-1.0	-1	-1	-1.0	-1.0
321	39.97201802083334	116.3276079791667	2009-09-20 23:36:00	2009-09-20	23:36:00	0.07398884311185962	0.016666666666666666	4.439330586711577	23	74	1.0	6Sunday	-1	-1	-1.0	-1.0	-1	-1	-1.0	-1.0
322	39.96910720000001	116.3276362	2009-09-20 23:37:00	2009-09-20	23:37:00	0.32404003715868546	0.016666666666666666	19.44240222952113	23	75	0.0	6Sunday	-1	-1	-1.0	-1.0	-1	-1	-1.0	-1.0
323	39.96912833333334	116.32764999999999	2009-09-20 23:39:00	2009-09-20	23:39:00	0.0026307074123748703	0.03333333333333333	0.07892122237124612	23	75	0.0	6Sunday	-1	-1	-1.0	-1.0	-1	-1	-1.0	-1.0
324	39.969517625	116.32753450000001	2009-09-20 23:40:00	2009-09-20	23:40:00	0.04444191611248848	0.016666666666666666	2.666514966749309	23	75	0.0	6Sunday	-1	-1	-1.0	-1.0	-1	-1	-1.0	-1.0
325	39.970115666666665	116.32753783333334	2009-09-20 23:41:00	2009-09-20	23:41:00	0.06657430118124597	0.016666666666666666	3.994458070874758	23	75	0.0	6Sunday	-1	-1	-1.0	-1.0	-1	-1	-1.0	-1.0
326	39.97070442857143	116.327575	2009-09-20 23:42:00	2009-09-20	23:42:00	0.06561733017053574	0.016666666666666666	3.9370398102321444	23	75	0.0	6Sunday	-1	-1	-1.0	-1.0	-1	-1	-1.0	-1.0
327	39.9709582	116.32791219999999	2009-09-20 23:43:00	2009-09-20	23:43:00	0.040318728775226645	0.016666666666666666	2.4191237265135985	23	75	6.0	6Sunday	-1	-1	-1.0	-1.0	-1	-1	-1.0	-1.0
328	39.971985714285715	116.32784035714285	2009-09-20 23:44:00	2009-09-20	23:44:00	0.11454645618583749	0.016666666666666666	6.87278737115025	23	76	0.0	6Sunday	-1	-1	-1.0	-1.0	-1	-1	-1.0	-1.0
329	39.974520625	116.32808206249999	2009-09-20 23:45:00	2009-09-20	23:45:00	0.28293732098857954	0.016666666666666666	16.976239259314774	23	77	0.0	6Sunday	-1	-1	-1.0	-1.0	-1	-1	-1.0	-1.0
330	39.975190000000005	116.329205	2009-09-20 23:46:00	2009-09-20	23:46:00	0.12136307681682791	0.016666666666666666	7.281784609009675	23	77	0.0	6Sunday	-1	-1	-1.0	-1.0	-1	-1	-1.0	-1.0
331	39.975355500000006	116.3296719	2009-09-20 23:47:00	2009-09-20	23:47:00	0.04388416652037704	0.016666666666666666	2.6330499912226224	23	77	0.0	6Sunday	-1	-1	-1.0	-1.0	-1	-1	-1.0	-1.0
332	39.97565844444445	116.33022377777777	2009-09-20 23:48:00	2009-09-20	23:48:00	0.05791096493629957	0.016666666666666666	3.474657896177974	23	77	0.0	6Sunday	-1	-1	-1.0	-1.0	-1	-1	-1.0	-1.0
333	39.97671942857142	116.33011592857143	2009-09-20 23:49:00	2009-09-20	23:49:00	0.11846599569420006	0.016666666666666666	7.107959741652004	23	77	4.0	6Sunday	-1	-1	-1.0	-1.0	-1	-1	-1.0	-1.0
334	39.97723976923077	116.3308456153846	2009-09-20 23:50:00	2009-09-20	23:50:00	0.0850276423089981	0.016666666666666666	5.101658538539886	23	78	0.0	6Sunday	-1	-1	-1.0	-1.0	-1	-1	-1.0	-1.0
335	39.97784784615386	116.33112976923076	2009-09-20 23:51:00	2009-09-20	23:51:00	0.07189988673429473	0.016666666666666666	4.313993204057684	23	78	0.0	6Sunday	-1	-1	-1.0	-1.0	-1	-1	-1.0	-1.0
336	39.977683333333324	116.33145833333333	2009-09-20 23:52:00	2009-09-20	23:52:00	0.03348033326148505	0.016666666666666666	2.008819995689103	23	78	0.0	6Sunday	-1	-1	-1.0	-1.0	-1	-1	-1.0	-1.0
