	Latitude	Longitude	Timestamp	Date	Time	Hour	Weekday	StayPoint	StayptId	StayMeanLat	StayMeanLon	State	StateId	StateMeanLat	StateMeanLon
0	39.97858365555555	116.33267457777778	2008-06-04 00:38:00	2008-06-04	00:38:00	0	2Wednesday	1	2	39.97858365555555	116.33267457777778	-2	2	39.977959858070406	116.33232490830645
1	39.97858365555555	116.33267457777778	2008-06-04 12:31:30	2008-06-04	12:31:30	12	2Wednesday	1	2	39.97858365555555	116.33267457777778	-2	2	39.977959858070406	116.33232490830645
2	39.975614336363634	116.33097131818181	2008-06-05 12:31:30	2008-06-05	12:31:30	12	3Thursday	1	3	39.9762743954766	116.33138792803715	-2	3	39.97629673070552	116.33093807785889
3	39.975614336363634	116.33097131818181	2008-06-06 00:25:00	2008-06-06	00:25:00	0	4Friday	1	3	39.9762743954766	116.33138792803715	-2	3	39.97629673070552	116.33093807785889
4	39.975614336363634	116.33097131818181	2008-06-06 00:27:30	2008-06-06	00:27:30	0	4Friday	1	3	39.9762743954766	116.33138792803715	-2	3	39.97629673070552	116.33093807785889
5	39.97804567777777	116.33265474444445	2008-06-06 00:27:30	2008-06-06	00:27:30	0	4Friday	1	4	39.97804567777777	116.33265474444445	-2	2	39.977959858070406	116.33232490830645
6	39.97804567777777	116.33265474444445	2008-06-06 00:30:00	2008-06-06	00:30:00	0	4Friday	1	4	39.97804567777777	116.33265474444445	-2	2	39.977959858070406	116.33232490830645
7	39.97804567777777	116.33265474444445	2008-06-06 05:18:00	2008-06-06	05:18:00	5	4Friday	1	4	39.97804567777777	116.33265474444445	-2	2	39.977959858070406	116.33232490830645
8	39.97783137142857	116.33245231428573	2008-06-12 05:18:00	2008-06-12	05:18:00	5	3Thursday	1	5	39.977857626623376	116.33217710714285	-2	2	39.977959858070406	116.33232490830645
9	39.97783137142857	116.33245231428573	2008-06-12 10:06:00	2008-06-12	10:06:00	10	3Thursday	1	5	39.977857626623376	116.33217710714285	-2	2	39.977959858070406	116.33232490830645
10	39.97783137142857	116.33245231428573	2008-06-12 10:06:30	2008-06-12	10:06:30	10	3Thursday	1	5	39.977857626623376	116.33217710714285	-2	2	39.977959858070406	116.33232490830645
11	39.97788388181819	116.33190189999999	2008-06-12 10:06:30	2008-06-12	10:06:30	10	3Thursday	1	6	39.97788388181819	116.33190189999999	-2	2	39.977959858070406	116.33232490830645
12	39.97788388181819	116.33190189999999	2008-06-12 10:07:00	2008-06-12	10:07:00	10	3Thursday	1	6	39.97788388181819	116.33190189999999	-2	2	39.977959858070406	116.33232490830645
13	39.97788388181819	116.33190189999999	2008-06-12 10:08:00.002682	2008-06-12	10:08:00.002682	10	3Thursday	1	6	39.97788388181819	116.33190189999999	-2	2	39.977959858070406	116.33232490830645
14	40.0528986875	116.60827909999999	2008-06-19 12:10:59.997318	2008-06-19	12:10:59.997318	12	3Thursday	1	7	40.0528986875	116.60827909999999	-2	7	40.0528986875	116.60827909999999
15	40.0528986875	116.60827909999999	2008-06-19 12:12:00	2008-06-19	12:12:00	12	3Thursday	1	7	40.0528986875	116.60827909999999	-2	7	40.0528986875	116.60827909999999
16	40.0528986875	116.60827909999999	2008-06-19 12:12:19.064476	2008-06-19	12:12:19.064476	12	3Thursday	1	7	40.0528986875	116.60827909999999	-2	7	40.0528986875	116.60827909999999
17	39.9740137	116.331513675	2008-06-19 12:51:40.935524	2008-06-19	12:51:40.935524	12	3Thursday	1	8	39.9740137	116.331513675	-2	8	39.9740137	116.331513675
18	39.9740137	116.331513675	2008-06-19 12:52:00	2008-06-19	12:52:00	12	3Thursday	1	8	39.9740137	116.331513675	-2	8	39.9740137	116.331513675
19	39.9740137	116.331513675	2008-06-19 21:57:30	2008-06-19	21:57:30	21	3Thursday	1	8	39.9740137	116.331513675	-2	8	39.9740137	116.331513675
20	39.97788571	116.33236154499998	2008-06-19 21:57:30	2008-06-19	21:57:30	21	3Thursday	1	9	39.97737968	116.33147830958333	-2	2	39.977959858070406	116.33232490830645
21	39.97788571	116.33236154499998	2008-06-20 07:03:00	2008-06-20	07:03:00	7	4Friday	1	9	39.97737968	116.33147830958333	-2	2	39.977959858070406	116.33232490830645
22	39.97788571	116.33236154499998	2008-06-20 07:04:30	2008-06-20	07:04:30	7	4Friday	1	9	39.97737968	116.33147830958333	-2	2	39.977959858070406	116.33232490830645
23	39.97696565	116.330708	2008-06-20 07:04:30	2008-06-20	07:04:30	7	4Friday	1	10	39.97696565	116.330708	-2	3	39.97629673070552	116.33093807785889
24	39.97696565	116.330708	2008-06-20 07:06:00	2008-06-20	07:06:00	7	4Friday	1	10	39.97696565	116.330708	-2	3	39.97629673070552	116.33093807785889
25	39.97696565	116.330708	2008-06-20 07:07:07.446715	2008-06-20	07:07:07.446715	7	4Friday	1	10	39.97696565	116.330708	-2	3	39.97629673070552	116.33093807785889
26	39.8602349	116.4936633	2008-06-20 08:51:52.553285	2008-06-20	08:51:52.553285	8	4Friday	1	11	39.8602349	116.4936633	-2	11	39.8602349	116.4936633
27	39.8602349	116.4936633	2008-06-20 08:53:00	2008-06-20	08:53:00	8	4Friday	1	11	39.8602349	116.4936633	-2	11	39.8602349	116.4936633
28	39.8602349	116.4936633	2008-06-20 09:06:42.225133	2008-06-20	09:06:42.225133	9	4Friday	1	11	39.8602349	116.4936633	-2	11	39.8602349	116.4936633
29	39.86479598181819	116.4920822181818	2008-06-20 09:15:17.774867	2008-06-20	09:15:17.774867	9	4Friday	1	12	39.86479598181819	116.4920822181818	-2	12	39.86483350757577	116.49188162575757
30	39.86479598181819	116.4920822181818	2008-06-20 09:29:00	2008-06-20	09:29:00	9	4Friday	1	12	39.86479598181819	116.4920822181818	-2	12	39.86483350757577	116.49188162575757
31	39.86479598181819	116.4920822181818	2008-06-20 09:50:00	2008-06-20	09:50:00	9	4Friday	1	12	39.86479598181819	116.4920822181818	-2	12	39.86483350757577	116.49188162575757
32	39.86487103333334	116.49168103333334	2008-06-20 09:50:00	2008-06-20	09:50:00	9	4Friday	1	13	39.86487103333334	116.49168103333334	-2	12	39.86483350757577	116.49188162575757
33	39.86487103333334	116.49168103333334	2008-06-20 10:11:00	2008-06-20	10:11:00	10	4Friday	1	13	39.86487103333334	116.49168103333334	-2	12	39.86483350757577	116.49188162575757
34	39.86487103333334	116.49168103333334	2008-06-20 10:17:00	2008-06-20	10:17:00	10	4Friday	1	13	39.86487103333334	116.49168103333334	-2	12	39.86483350757577	116.49188162575757
35	39.86495660384615	116.48782359615385	2008-06-20 10:17:00	2008-06-20	10:17:00	10	4Friday	1	14	39.86505149930401	116.48718378554814	-2	14	39.86505149930401	116.48718378554814
36	39.86495660384615	116.48782359615385	2008-06-20 10:23:00	2008-06-20	10:23:00	10	4Friday	1	14	39.86505149930401	116.48718378554814	-2	14	39.86505149930401	116.48718378554814
37	39.865111982142864	116.4874598892857	2008-06-20 10:24:00	2008-06-20	10:24:00	10	4Friday	1	14	39.86505149930401	116.48718378554814	-2	14	39.86505149930401	116.48718378554814
38	39.86486041199999	116.48709709199998	2008-06-20 10:25:00	2008-06-20	10:25:00	10	4Friday	1	14	39.86505149930401	116.48718378554814	-2	14	39.86505149930401	116.48718378554814
39	39.864772408695664	116.48658928695654	2008-06-20 10:26:00	2008-06-20	10:26:00	10	4Friday	1	14	39.86505149930401	116.48718378554814	-2	14	39.86505149930401	116.48718378554814
40	39.86500876071428	116.48633774285713	2008-06-20 10:27:00	2008-06-20	10:27:00	10	4Friday	1	14	39.86505149930401	116.48718378554814	-2	14	39.86505149930401	116.48718378554814
41	39.865106528571424	116.48610368095234	2008-06-20 10:28:00	2008-06-20	10:28:00	10	4Friday	1	14	39.86505149930401	116.48718378554814	-2	14	39.86505149930401	116.48718378554814
42	39.86509910833333	116.48603007499999	2008-06-20 10:29:00	2008-06-20	10:29:00	10	4Friday	1	14	39.86505149930401	116.48718378554814	-2	14	39.86505149930401	116.48718378554814
43	39.8651626	116.48663328	2008-06-20 10:30:00	2008-06-20	10:30:00	10	4Friday	1	14	39.86505149930401	116.48718378554814	-2	14	39.86505149930401	116.48718378554814
44	39.865263299999995	116.48665990000002	2008-06-20 10:31:00	2008-06-20	10:31:00	10	4Friday	1	14	39.86505149930401	116.48718378554814	-2	14	39.86505149930401	116.48718378554814
45	39.8651681	116.48686071111109	2008-06-20 10:42:00	2008-06-20	10:42:00	10	4Friday	1	14	39.86505149930401	116.48718378554814	-2	14	39.86505149930401	116.48718378554814
46	39.86519627999999	116.48722648800003	2008-06-20 10:43:00	2008-06-20	10:43:00	10	4Friday	1	14	39.86505149930401	116.48718378554814	-2	14	39.86505149930401	116.48718378554814
47	39.865059232142855	116.48779436428573	2008-06-20 10:44:00	2008-06-20	10:44:00	10	4Friday	1	14	39.86505149930401	116.48718378554814	-2	14	39.86505149930401	116.48718378554814
48	39.86502880714285	116.48863297857143	2008-06-20 10:45:00	2008-06-20	10:45:00	10	4Friday	1	14	39.86505149930401	116.48718378554814	-2	14	39.86505149930401	116.48718378554814
49	39.86492686666665	116.48932391250003	2008-06-20 10:46:00	2008-06-20	10:46:00	10	4Friday	1	14	39.86505149930401	116.48718378554814	-2	14	39.86505149930401	116.48718378554814
50	39.86492686666665	116.48932391250003	2008-06-20 11:01:30	2008-06-20	11:01:30	11	4Friday	1	14	39.86505149930401	116.48718378554814	-2	14	39.86505149930401	116.48718378554814
51	39.866476142857145	116.48922208571426	2008-06-20 11:01:30	2008-06-20	11:01:30	11	4Friday	1	15	39.86638064592001	116.48932691925476	-2	15	39.866335413899485	116.48878134117045
52	39.866476142857145	116.48922208571426	2008-06-20 11:17:00	2008-06-20	11:17:00	11	4Friday	1	15	39.86638064592001	116.48932691925476	-2	15	39.866335413899485	116.48878134117045
53	39.86638725	116.48926200000002	2008-06-20 11:18:00	2008-06-20	11:18:00	11	4Friday	1	15	39.86638064592001	116.48932691925476	-2	15	39.866335413899485	116.48878134117045
54	39.866469923529394	116.48935230588236	2008-06-20 11:19:00	2008-06-20	11:19:00	11	4Friday	1	15	39.86638064592001	116.48932691925476	-2	15	39.866335413899485	116.48878134117045
55	39.86653774999999	116.48947878750003	2008-06-20 11:20:00	2008-06-20	11:20:00	11	4Friday	1	15	39.86638064592001	116.48932691925476	-2	15	39.866335413899485	116.48878134117045
56	39.8663966	116.48943626999998	2008-06-20 11:21:00	2008-06-20	11:21:00	11	4Friday	1	15	39.86638064592001	116.48932691925476	-2	15	39.866335413899485	116.48878134117045
57	39.8662299	116.48939659999998	2008-06-20 11:22:00	2008-06-20	11:22:00	11	4Friday	1	15	39.86638064592001	116.48932691925476	-2	15	39.866335413899485	116.48878134117045
58	39.8662299	116.48939659999998	2008-06-20 11:23:00	2008-06-20	11:23:00	11	4Friday	1	15	39.86638064592001	116.48932691925476	-2	15	39.866335413899485	116.48878134117045
59	39.866228299999996	116.48939330000002	2008-06-20 11:24:00	2008-06-20	11:24:00	11	4Friday	1	15	39.86638064592001	116.48932691925476	-2	15	39.866335413899485	116.48878134117045
60	39.866228299999996	116.48939330000002	2008-06-20 11:25:00	2008-06-20	11:25:00	11	4Friday	1	15	39.86638064592001	116.48932691925476	-2	15	39.866335413899485	116.48878134117045
61	39.866228299999996	116.48939330000002	2008-06-20 11:26:00	2008-06-20	11:26:00	11	4Friday	1	15	39.86638064592001	116.48932691925476	-2	15	39.866335413899485	116.48878134117045
62	39.866228299999996	116.48939330000002	2008-06-20 11:27:00	2008-06-20	11:27:00	11	4Friday	1	15	39.86638064592001	116.48932691925476	-2	15	39.866335413899485	116.48878134117045
63	39.866228299999996	116.48939330000002	2008-06-20 11:28:00	2008-06-20	11:28:00	11	4Friday	1	15	39.86638064592001	116.48932691925476	-2	15	39.866335413899485	116.48878134117045
64	39.866228299999996	116.48939330000002	2008-06-20 11:29:00	2008-06-20	11:29:00	11	4Friday	1	15	39.86638064592001	116.48932691925476	-2	15	39.866335413899485	116.48878134117045
65	39.86659382799999	116.48956162799999	2008-06-20 11:30:00	2008-06-20	11:30:00	11	4Friday	1	15	39.86638064592001	116.48932691925476	-2	15	39.866335413899485	116.48878134117045
66	39.86677169999999	116.48999565263159	2008-06-20 11:31:00	2008-06-20	11:31:00	11	4Friday	1	15	39.86638064592001	116.48932691925476	-2	15	39.866335413899485	116.48878134117045
67	39.866810195000006	116.49006128499998	2008-06-20 11:32:00	2008-06-20	11:32:00	11	4Friday	1	15	39.86638064592001	116.48932691925476	-2	15	39.866335413899485	116.48878134117045
68	39.866799799999995	116.48988908571425	2008-06-20 11:33:00	2008-06-20	11:33:00	11	4Friday	1	15	39.86638064592001	116.48932691925476	-2	15	39.866335413899485	116.48878134117045
69	39.866800768181825	116.48961184999997	2008-06-20 11:34:00	2008-06-20	11:34:00	11	4Friday	1	15	39.86638064592001	116.48932691925476	-2	15	39.866335413899485	116.48878134117045
70	39.866681433333326	116.4892376037037	2008-06-20 11:35:00	2008-06-20	11:35:00	11	4Friday	1	15	39.86638064592001	116.48932691925476	-2	15	39.866335413899485	116.48878134117045
71	39.866577445454546	116.4887951818182	2008-06-20 11:36:00	2008-06-20	11:36:00	11	4Friday	1	15	39.86638064592001	116.48932691925476	-2	15	39.866335413899485	116.48878134117045
72	39.86657175	116.48872185833335	2008-06-20 11:37:00	2008-06-20	11:37:00	11	4Friday	1	15	39.86638064592001	116.48932691925476	-2	15	39.866335413899485	116.48878134117045
73	39.86606422173914	116.48869242608696	2008-06-20 11:40:00	2008-06-20	11:40:00	11	4Friday	1	15	39.86638064592001	116.48932691925476	-2	15	39.866335413899485	116.48878134117045
74	39.86578633684211	116.4887199631579	2008-06-20 11:41:00	2008-06-20	11:41:00	11	4Friday	1	15	39.86638064592001	116.48932691925476	-2	15	39.866335413899485	116.48878134117045
75	39.865580757142844	116.48865507857143	2008-06-20 11:42:00	2008-06-20	11:42:00	11	4Friday	1	15	39.86638064592001	116.48932691925476	-2	15	39.866335413899485	116.48878134117045
76	39.865580757142844	116.48865507857143	2008-06-20 11:55:30	2008-06-20	11:55:30	11	4Friday	1	15	39.86638064592001	116.48932691925476	-2	15	39.866335413899485	116.48878134117045
77	39.86564466666667	116.48900855	2008-06-20 11:55:30	2008-06-20	11:55:30	11	4Friday	1	16	39.86595199191831	116.4889804551122	-2	15	39.866335413899485	116.48878134117045
78	39.86564466666667	116.48900855	2008-06-20 12:09:00	2008-06-20	12:09:00	12	4Friday	1	16	39.86595199191831	116.4889804551122	-2	15	39.866335413899485	116.48878134117045
79	39.86566468125	116.48916995625	2008-06-20 12:10:00	2008-06-20	12:10:00	12	4Friday	1	16	39.86595199191831	116.4889804551122	-2	15	39.866335413899485	116.48878134117045
80	39.865665	116.48918159999995	2008-06-20 12:11:00	2008-06-20	12:11:00	12	4Friday	1	16	39.86595199191831	116.4889804551122	-2	15	39.866335413899485	116.48878134117045
81	39.865665	116.48918159999995	2008-06-20 12:12:00	2008-06-20	12:12:00	12	4Friday	1	16	39.86595199191831	116.4889804551122	-2	15	39.866335413899485	116.48878134117045
82	39.86566564	116.48918095999998	2008-06-20 12:13:00	2008-06-20	12:13:00	12	4Friday	1	16	39.86595199191831	116.4889804551122	-2	15	39.866335413899485	116.48878134117045
83	39.8656786875	116.48918154374998	2008-06-20 12:14:00	2008-06-20	12:14:00	12	4Friday	1	16	39.86595199191831	116.4889804551122	-2	15	39.866335413899485	116.48878134117045
84	39.8656916	116.48918329999997	2008-06-20 12:15:00	2008-06-20	12:15:00	12	4Friday	1	16	39.86595199191831	116.4889804551122	-2	15	39.866335413899485	116.48878134117045
85	39.86570286250001	116.48918504375003	2008-06-20 12:16:00	2008-06-20	12:16:00	12	4Friday	1	16	39.86595199191831	116.4889804551122	-2	15	39.866335413899485	116.48878134117045
86	39.86573477333332	116.48918329999997	2008-06-20 12:17:00	2008-06-20	12:17:00	12	4Friday	1	16	39.86595199191831	116.4889804551122	-2	15	39.866335413899485	116.48878134117045
87	39.86573606666666	116.48918238666664	2008-06-20 12:18:00	2008-06-20	12:18:00	12	4Friday	1	16	39.86595199191831	116.4889804551122	-2	15	39.866335413899485	116.48878134117045
88	39.865741493749994	116.48917764375	2008-06-20 12:19:00	2008-06-20	12:19:00	12	4Friday	1	16	39.86595199191831	116.4889804551122	-2	15	39.866335413899485	116.48878134117045
89	39.86577914444444	116.48915864999996	2008-06-20 12:20:00	2008-06-20	12:20:00	12	4Friday	1	16	39.86595199191831	116.4889804551122	-2	15	39.866335413899485	116.48878134117045
90	39.86584466	116.48914182666668	2008-06-20 12:21:00	2008-06-20	12:21:00	12	4Friday	1	16	39.86595199191831	116.4889804551122	-2	15	39.866335413899485	116.48878134117045
91	39.86584741764706	116.48913504117648	2008-06-20 12:22:00	2008-06-20	12:22:00	12	4Friday	1	16	39.86595199191831	116.4889804551122	-2	15	39.866335413899485	116.48878134117045
92	39.86593558666665	116.48910785333331	2008-06-20 12:23:00	2008-06-20	12:23:00	12	4Friday	1	16	39.86595199191831	116.4889804551122	-2	15	39.866335413899485	116.48878134117045
93	39.86594365333334	116.4891030733333	2008-06-20 12:24:00	2008-06-20	12:24:00	12	4Friday	1	16	39.86595199191831	116.4889804551122	-2	15	39.866335413899485	116.48878134117045
94	39.86596985625001	116.48908558749997	2008-06-20 12:25:00	2008-06-20	12:25:00	12	4Friday	1	16	39.86595199191831	116.4889804551122	-2	15	39.866335413899485	116.48878134117045
95	39.86598500000001	116.48907499999997	2008-06-20 12:26:00	2008-06-20	12:26:00	12	4Friday	1	16	39.86595199191831	116.4889804551122	-2	15	39.866335413899485	116.48878134117045
96	39.86598574666667	116.48907706666665	2008-06-20 12:27:00	2008-06-20	12:27:00	12	4Friday	1	16	39.86595199191831	116.4889804551122	-2	15	39.866335413899485	116.48878134117045
97	39.86598830000001	116.4890799	2008-06-20 12:28:00	2008-06-20	12:28:00	12	4Friday	1	16	39.86595199191831	116.4889804551122	-2	15	39.866335413899485	116.48878134117045
98	39.86600681249999	116.48905178124997	2008-06-20 12:29:00	2008-06-20	12:29:00	12	4Friday	1	16	39.86595199191831	116.4889804551122	-2	15	39.866335413899485	116.48878134117045
99	39.86601400555554	116.48904622777776	2008-06-20 12:30:00	2008-06-20	12:30:00	12	4Friday	1	16	39.86595199191831	116.4889804551122	-2	15	39.866335413899485	116.48878134117045
100	39.866294377777784	116.4884331	2008-06-20 12:31:00	2008-06-20	12:31:00	12	4Friday	1	16	39.86595199191831	116.4889804551122	-2	15	39.866335413899485	116.48878134117045
101	39.86620565294117	116.48869254705878	2008-06-20 12:32:00	2008-06-20	12:32:00	12	4Friday	1	16	39.86595199191831	116.4889804551122	-2	15	39.866335413899485	116.48878134117045
102	39.866196073333334	116.4886887533333	2008-06-20 12:33:00	2008-06-20	12:33:00	12	4Friday	1	16	39.86595199191831	116.4889804551122	-2	15	39.866335413899485	116.48878134117045
103	39.86619296	116.48868829999996	2008-06-20 12:34:00	2008-06-20	12:34:00	12	4Friday	1	16	39.86595199191831	116.4889804551122	-2	15	39.866335413899485	116.48878134117045
104	39.866193300000006	116.48868829999998	2008-06-20 12:35:00	2008-06-20	12:35:00	12	4Friday	1	16	39.86595199191831	116.4889804551122	-2	15	39.866335413899485	116.48878134117045
105	39.86646527999999	116.48851828999997	2008-06-20 12:57:00	2008-06-20	12:57:00	12	4Friday	1	16	39.86595199191831	116.4889804551122	-2	15	39.866335413899485	116.48878134117045
106	39.866870067857135	116.4886164392857	2008-06-20 12:58:00	2008-06-20	12:58:00	12	4Friday	1	16	39.86595199191831	116.4889804551122	-2	15	39.866335413899485	116.48878134117045
107	39.86625139090909	116.48821003181818	2008-06-20 12:59:00	2008-06-20	12:59:00	12	4Friday	1	16	39.86595199191831	116.4889804551122	-2	15	39.866335413899485	116.48878134117045
108	39.86625139090909	116.48821003181818	2008-06-20 13:10:30	2008-06-20	13:10:30	13	4Friday	1	16	39.86595199191831	116.4889804551122	-2	15	39.866335413899485	116.48878134117045
109	39.86655146086956	116.48813856086957	2008-06-20 13:10:30	2008-06-20	13:10:30	13	4Friday	1	19	39.867009193304426	116.48846692677795	-2	15	39.866335413899485	116.48878134117045
110	39.86655146086956	116.48813856086957	2008-06-20 13:22:00	2008-06-20	13:22:00	13	4Friday	1	19	39.867009193304426	116.48846692677795	-2	15	39.866335413899485	116.48878134117045
111	39.86664042857142	116.48867304642859	2008-06-20 13:23:00	2008-06-20	13:23:00	13	4Friday	1	19	39.867009193304426	116.48846692677795	-2	15	39.866335413899485	116.48878134117045
112	39.86667883333333	116.4887483	2008-06-20 13:24:00	2008-06-20	13:24:00	13	4Friday	1	19	39.867009193304426	116.48846692677795	-2	15	39.866335413899485	116.48878134117045
113	39.867321628571425	116.4899508857143	2008-06-20 13:47:00	2008-06-20	13:47:00	13	4Friday	1	19	39.867009193304426	116.48846692677795	-2	15	39.866335413899485	116.48878134117045
114	39.866846275	116.48870336	2008-06-20 13:48:00	2008-06-20	13:48:00	13	4Friday	1	19	39.867009193304426	116.48846692677795	-2	15	39.866335413899485	116.48878134117045
115	39.86708678333334	116.48857339999999	2008-06-20 13:49:00	2008-06-20	13:49:00	13	4Friday	1	19	39.867009193304426	116.48846692677795	-2	15	39.866335413899485	116.48878134117045
116	39.867379607692314	116.48807912307689	2008-06-20 13:50:00	2008-06-20	13:50:00	13	4Friday	1	19	39.867009193304426	116.48846692677795	-2	15	39.866335413899485	116.48878134117045
117	39.86731764736842	116.48774723157892	2008-06-20 13:51:00	2008-06-20	13:51:00	13	4Friday	1	19	39.867009193304426	116.48846692677795	-2	15	39.866335413899485	116.48878134117045
118	39.867260075	116.48758843333331	2008-06-20 13:52:00	2008-06-20	13:52:00	13	4Friday	1	19	39.867009193304426	116.48846692677795	-2	15	39.866335413899485	116.48878134117045
119	39.867260075	116.48758843333331	2008-06-20 13:56:00	2008-06-20	13:56:00	13	4Friday	1	19	39.867009193304426	116.48846692677795	-2	15	39.866335413899485	116.48878134117045
120	39.8688204	116.48717828181817	2008-06-20 13:56:00	2008-06-20	13:56:00	13	4Friday	1	20	39.86806904329276	116.48843410924913	-2	19	39.86808494542329	116.4884122934649
121	39.8688204	116.48717828181817	2008-06-20 14:00:00	2008-06-20	14:00:00	14	4Friday	1	20	39.86806904329276	116.48843410924913	-2	19	39.86808494542329	116.4884122934649
122	39.86890151875	116.48762223749999	2008-06-20 14:02:00	2008-06-20	14:02:00	14	4Friday	1	20	39.86806904329276	116.48843410924913	-2	19	39.86808494542329	116.4884122934649
123	39.86834842173913	116.48816689999998	2008-06-20 14:03:00	2008-06-20	14:03:00	14	4Friday	1	20	39.86806904329276	116.48843410924913	-2	19	39.86808494542329	116.4884122934649
124	39.8682011388889	116.48867330000002	2008-06-20 14:04:00	2008-06-20	14:04:00	14	4Friday	1	20	39.86806904329276	116.48843410924913	-2	19	39.86808494542329	116.4884122934649
125	39.86801806399999	116.48829015199999	2008-06-20 14:05:00	2008-06-20	14:05:00	14	4Friday	1	20	39.86806904329276	116.48843410924913	-2	19	39.86808494542329	116.4884122934649
126	39.86798868620689	116.48855955172411	2008-06-20 14:06:00	2008-06-20	14:06:00	14	4Friday	1	20	39.86806904329276	116.48843410924913	-2	19	39.86808494542329	116.4884122934649
127	39.86786127999999	116.48886560666666	2008-06-20 14:07:00	2008-06-20	14:07:00	14	4Friday	1	20	39.86806904329276	116.48843410924913	-2	19	39.86808494542329	116.4884122934649
128	39.86780812	116.48806062000001	2008-06-20 14:16:00	2008-06-20	14:16:00	14	4Friday	1	20	39.86806904329276	116.48843410924913	-2	19	39.86808494542329	116.4884122934649
129	39.86788857222223	116.48823781666667	2008-06-20 14:17:00	2008-06-20	14:17:00	14	4Friday	1	20	39.86806904329276	116.48843410924913	-2	19	39.86808494542329	116.4884122934649
130	39.86788819473684	116.48830311052632	2008-06-20 14:18:00	2008-06-20	14:18:00	14	4Friday	1	20	39.86806904329276	116.48843410924913	-2	19	39.86808494542329	116.4884122934649
131	39.8678733	116.48833977333328	2008-06-20 14:19:00	2008-06-20	14:19:00	14	4Friday	1	20	39.86806904329276	116.48843410924913	-2	19	39.86808494542329	116.4884122934649
132	39.8678733	116.48833829999995	2008-06-20 14:20:00	2008-06-20	14:20:00	14	4Friday	1	20	39.86806904329276	116.48843410924913	-2	19	39.86808494542329	116.4884122934649
133	39.8678733	116.48834115999999	2008-06-20 14:21:00	2008-06-20	14:21:00	14	4Friday	1	20	39.86806904329276	116.48843410924913	-2	19	39.86808494542329	116.4884122934649
134	39.8678733	116.4883416	2008-06-20 14:22:00	2008-06-20	14:22:00	14	4Friday	1	20	39.86806904329276	116.48843410924913	-2	19	39.86808494542329	116.4884122934649
135	39.86786876470588	116.4883429058824	2008-06-20 14:23:00	2008-06-20	14:23:00	14	4Friday	1	20	39.86806904329276	116.48843410924913	-2	19	39.86808494542329	116.4884122934649
136	39.86788670588235	116.48832210588235	2008-06-20 14:24:00	2008-06-20	14:24:00	14	4Friday	1	20	39.86806904329276	116.48843410924913	-2	19	39.86808494542329	116.4884122934649
137	39.868073249999995	116.4885808	2008-06-20 14:30:00	2008-06-20	14:30:00	14	4Friday	1	20	39.86806904329276	116.48843410924913	-2	19	39.86808494542329	116.4884122934649
138	39.86818413333333	116.48854604666664	2008-06-20 14:31:00	2008-06-20	14:31:00	14	4Friday	1	20	39.86806904329276	116.48843410924913	-2	19	39.86808494542329	116.4884122934649
139	39.86818989999999	116.48854159999998	2008-06-20 14:32:00	2008-06-20	14:32:00	14	4Friday	1	20	39.86806904329276	116.48843410924913	-2	19	39.86808494542329	116.4884122934649
140	39.86819138235295	116.48854228823528	2008-06-20 14:33:00	2008-06-20	14:33:00	14	4Friday	1	20	39.86806904329276	116.48843410924913	-2	19	39.86808494542329	116.4884122934649
141	39.8681916	116.48854329999996	2008-06-20 14:34:00	2008-06-20	14:34:00	14	4Friday	1	20	39.86806904329276	116.48843410924913	-2	19	39.86808494542329	116.4884122934649
142	39.8681916	116.48854329999996	2008-06-20 14:35:00	2008-06-20	14:35:00	14	4Friday	1	20	39.86806904329276	116.48843410924913	-2	19	39.86808494542329	116.4884122934649
143	39.868192486666665	116.48854495333332	2008-06-20 14:36:00	2008-06-20	14:36:00	14	4Friday	1	20	39.86806904329276	116.48843410924913	-2	19	39.86808494542329	116.4884122934649
144	39.86752287647059	116.4885727	2008-06-20 14:40:00	2008-06-20	14:40:00	14	4Friday	1	20	39.86806904329276	116.48843410924913	-2	19	39.86808494542329	116.4884122934649
145	39.86825298333333	116.48852506666663	2008-06-20 14:41:00	2008-06-20	14:41:00	14	4Friday	1	20	39.86806904329276	116.48843410924913	-2	19	39.86808494542329	116.4884122934649
146	39.8682062	116.48851274166668	2008-06-20 14:42:00	2008-06-20	14:42:00	14	4Friday	1	20	39.86806904329276	116.48843410924913	-2	19	39.86808494542329	116.4884122934649
147	39.86808051304348	116.48890443913044	2008-06-20 14:43:00	2008-06-20	14:43:00	14	4Friday	1	20	39.86806904329276	116.48843410924913	-2	19	39.86808494542329	116.4884122934649
148	39.86794161052633	116.48923486315792	2008-06-20 14:44:00	2008-06-20	14:44:00	14	4Friday	1	20	39.86806904329276	116.48843410924913	-2	19	39.86808494542329	116.4884122934649
149	39.86781065263159	116.48901364736842	2008-06-20 14:45:00	2008-06-20	14:45:00	14	4Friday	1	20	39.86806904329276	116.48843410924913	-2	19	39.86808494542329	116.4884122934649
150	39.86781065263159	116.48901364736842	2008-06-20 14:52:30	2008-06-20	14:52:30	14	4Friday	1	20	39.86806904329276	116.48843410924913	-2	19	39.86808494542329	116.4884122934649
151	39.867628406666654	116.48958540666669	2008-06-20 14:52:30	2008-06-20	14:52:30	14	4Friday	1	21	39.86666870582065	116.48819121882659	-2	15	39.866335413899485	116.48878134117045
152	39.867628406666654	116.48958540666669	2008-06-20 15:00:00	2008-06-20	15:00:00	15	4Friday	1	21	39.86666870582065	116.48819121882659	-2	15	39.866335413899485	116.48878134117045
153	39.86760577999999	116.48960144999997	2008-06-20 15:01:00	2008-06-20	15:01:00	15	4Friday	1	21	39.86666870582065	116.48819121882659	-2	15	39.866335413899485	116.48878134117045
154	39.86749382000001	116.48942550000001	2008-06-20 15:02:00	2008-06-20	15:02:00	15	4Friday	1	21	39.86666870582065	116.48819121882659	-2	15	39.866335413899485	116.48878134117045
155	39.867386129166675	116.4887628708333	2008-06-20 15:26:00	2008-06-20	15:26:00	15	4Friday	1	21	39.86666870582065	116.48819121882659	-2	15	39.866335413899485	116.48878134117045
156	39.86731017083334	116.48841113333333	2008-06-20 15:27:00	2008-06-20	15:27:00	15	4Friday	1	21	39.86666870582065	116.48819121882659	-2	15	39.866335413899485	116.48878134117045
157	39.86735721200001	116.48799408799998	2008-06-20 15:28:00	2008-06-20	15:28:00	15	4Friday	1	21	39.86666870582065	116.48819121882659	-2	15	39.866335413899485	116.48878134117045
158	39.866999214285705	116.48767837857143	2008-06-20 15:29:00	2008-06-20	15:29:00	15	4Friday	1	21	39.86666870582065	116.48819121882659	-2	15	39.866335413899485	116.48878134117045
159	39.8668006235294	116.48735745294118	2008-06-20 15:30:00	2008-06-20	15:30:00	15	4Friday	1	21	39.86666870582065	116.48819121882659	-2	15	39.866335413899485	116.48878134117045
160	39.86617592499999	116.48750493749998	2008-06-20 15:31:00	2008-06-20	15:31:00	15	4Friday	1	21	39.86666870582065	116.48819121882659	-2	15	39.866335413899485	116.48878134117045
161	39.86559363333333	116.48783182500004	2008-06-20 15:32:00	2008-06-20	15:32:00	15	4Friday	1	21	39.86666870582065	116.48819121882659	-2	15	39.866335413899485	116.48878134117045
162	39.86649872631579	116.48767977894735	2008-06-20 15:33:00	2008-06-20	15:33:00	15	4Friday	1	21	39.86666870582065	116.48819121882659	-2	15	39.866335413899485	116.48878134117045
163	39.86736600526316	116.48777459473683	2008-06-20 15:34:00	2008-06-20	15:34:00	15	4Friday	1	21	39.86666870582065	116.48819121882659	-2	15	39.866335413899485	116.48878134117045
164	39.86712223125	116.48799546874999	2008-06-20 15:35:00	2008-06-20	15:35:00	15	4Friday	1	21	39.86666870582065	116.48819121882659	-2	15	39.866335413899485	116.48878134117045
165	39.866887515384605	116.48894046923078	2008-06-20 15:36:00	2008-06-20	15:36:00	15	4Friday	1	21	39.86666870582065	116.48819121882659	-2	15	39.866335413899485	116.48878134117045
166	39.86612345555555	116.48924142222222	2008-06-20 15:55:00	2008-06-20	15:55:00	15	4Friday	1	21	39.86666870582065	116.48819121882659	-2	15	39.866335413899485	116.48878134117045
167	39.865707515384614	116.48781377692306	2008-06-20 15:56:00	2008-06-20	15:56:00	15	4Friday	1	21	39.86666870582065	116.48819121882659	-2	15	39.866335413899485	116.48878134117045
168	39.86569582631579	116.48768415789472	2008-06-20 15:57:00	2008-06-20	15:57:00	15	4Friday	1	21	39.86666870582065	116.48819121882659	-2	15	39.866335413899485	116.48878134117045
169	39.86557629230769	116.48731244615381	2008-06-20 15:58:00	2008-06-20	15:58:00	15	4Friday	1	21	39.86666870582065	116.48819121882659	-2	15	39.866335413899485	116.48878134117045
170	39.865376927999996	116.48703800000001	2008-06-20 15:59:00	2008-06-20	15:59:00	15	4Friday	1	21	39.86666870582065	116.48819121882659	-2	15	39.866335413899485	116.48878134117045
171	39.865376927999996	116.48703800000001	2008-06-20 16:07:30	2008-06-20	16:07:30	16	4Friday	1	21	39.86666870582065	116.48819121882659	-2	15	39.866335413899485	116.48878134117045
172	39.86594024642857	116.4849593464286	2008-06-20 16:07:30	2008-06-20	16:07:30	16	4Friday	1	27	39.865392542722105	116.48566847095744	-2	27	39.865392542722105	116.48566847095744
173	39.86594024642857	116.4849593464286	2008-06-20 16:16:00	2008-06-20	16:16:00	16	4Friday	1	27	39.865392542722105	116.48566847095744	-2	27	39.865392542722105	116.48566847095744
174	39.865575291666666	116.48533335416668	2008-06-20 16:17:00	2008-06-20	16:17:00	16	4Friday	1	27	39.865392542722105	116.48566847095744	-2	27	39.865392542722105	116.48566847095744
175	39.86538841739131	116.48557623913041	2008-06-20 16:18:00	2008-06-20	16:18:00	16	4Friday	1	27	39.865392542722105	116.48566847095744	-2	27	39.865392542722105	116.48566847095744
176	39.86519172352941	116.48572601764702	2008-06-20 16:19:00	2008-06-20	16:19:00	16	4Friday	1	27	39.865392542722105	116.48566847095744	-2	27	39.865392542722105	116.48566847095744
177	39.86506159523809	116.48589058095237	2008-06-20 16:20:00	2008-06-20	16:20:00	16	4Friday	1	27	39.865392542722105	116.48566847095744	-2	27	39.865392542722105	116.48566847095744
178	39.864996774999994	116.48622162916666	2008-06-20 16:21:00	2008-06-20	16:21:00	16	4Friday	1	27	39.865392542722105	116.48566847095744	-2	27	39.865392542722105	116.48566847095744
179	39.86510167916667	116.4865910625	2008-06-20 16:22:00	2008-06-20	16:22:00	16	4Friday	1	27	39.865392542722105	116.48566847095744	-2	27	39.865392542722105	116.48566847095744
180	39.86508617222221	116.48692668888891	2008-06-20 16:23:00	2008-06-20	16:23:00	16	4Friday	1	27	39.865392542722105	116.48566847095744	-2	27	39.865392542722105	116.48566847095744
181	39.865149021739114	116.48712357826086	2008-06-20 16:24:00	2008-06-20	16:24:00	16	4Friday	1	27	39.865392542722105	116.48566847095744	-2	27	39.865392542722105	116.48566847095744
182	39.86516968846154	116.4869887230769	2008-06-20 16:25:00	2008-06-20	16:25:00	16	4Friday	1	27	39.865392542722105	116.48566847095744	-2	27	39.865392542722105	116.48566847095744
183	39.865103530769225	116.48629897692308	2008-06-20 16:26:00	2008-06-20	16:26:00	16	4Friday	1	27	39.865392542722105	116.48566847095744	-2	27	39.865392542722105	116.48566847095744
184	39.865136423076926	116.48583681153848	2008-06-20 16:27:00	2008-06-20	16:27:00	16	4Friday	1	27	39.865392542722105	116.48566847095744	-2	27	39.865392542722105	116.48566847095744
185	39.86554843499998	116.48552294999999	2008-06-20 16:28:00	2008-06-20	16:28:00	16	4Friday	1	27	39.865392542722105	116.48566847095744	-2	27	39.865392542722105	116.48566847095744
186	39.865691346153845	116.48531571538463	2008-06-20 16:29:00	2008-06-20	16:29:00	16	4Friday	1	27	39.865392542722105	116.48566847095744	-2	27	39.865392542722105	116.48566847095744
187	39.8657041125	116.48468722500002	2008-06-20 16:37:00	2008-06-20	16:37:00	16	4Friday	1	27	39.865392542722105	116.48566847095744	-2	27	39.865392542722105	116.48566847095744
188	39.86573010526315	116.48449108947369	2008-06-20 16:38:00	2008-06-20	16:38:00	16	4Friday	1	27	39.865392542722105	116.48566847095744	-2	27	39.865392542722105	116.48566847095744
189	39.8657797173913	116.48435820869564	2008-06-20 16:39:00	2008-06-20	16:39:00	16	4Friday	1	27	39.865392542722105	116.48566847095744	-2	27	39.865392542722105	116.48566847095744
190	39.865711488	116.48418428000001	2008-06-20 16:40:00	2008-06-20	16:40:00	16	4Friday	1	27	39.865392542722105	116.48566847095744	-2	27	39.865392542722105	116.48566847095744
191	39.865711488	116.48418428000001	2008-06-20 16:59:00	2008-06-20	16:59:00	16	4Friday	1	27	39.865392542722105	116.48566847095744	-2	27	39.865392542722105	116.48566847095744
192	39.86792199615385	116.48831430384614	2008-06-20 16:59:00	2008-06-20	16:59:00	16	4Friday	1	34	39.86621009219907	116.48868384571388	-2	15	39.866335413899485	116.48878134117045
193	39.86792199615385	116.48831430384614	2008-06-20 17:18:00	2008-06-20	17:18:00	17	4Friday	1	34	39.86621009219907	116.48868384571388	-2	15	39.866335413899485	116.48878134117045
194	39.8676720478261	116.48854452173914	2008-06-20 17:19:00	2008-06-20	17:19:00	17	4Friday	1	34	39.86621009219907	116.48868384571388	-2	15	39.866335413899485	116.48878134117045
195	39.867143575	116.48853988571429	2008-06-20 17:20:00	2008-06-20	17:20:00	17	4Friday	1	34	39.86621009219907	116.48868384571388	-2	15	39.866335413899485	116.48878134117045
196	39.866661018181816	116.48863888181815	2008-06-20 17:21:00	2008-06-20	17:21:00	17	4Friday	1	34	39.86621009219907	116.48868384571388	-2	15	39.866335413899485	116.48878134117045
197	39.8666387	116.48903787500001	2008-06-20 17:23:00	2008-06-20	17:23:00	17	4Friday	1	34	39.86621009219907	116.48868384571388	-2	15	39.866335413899485	116.48878134117045
198	39.86655034761905	116.4892567047619	2008-06-20 17:24:00	2008-06-20	17:24:00	17	4Friday	1	34	39.86621009219907	116.48868384571388	-2	15	39.866335413899485	116.48878134117045
199	39.866551599999994	116.48947829999999	2008-06-20 17:25:00	2008-06-20	17:25:00	17	4Friday	1	34	39.86621009219907	116.48868384571388	-2	15	39.866335413899485	116.48878134117045
200	39.86673649230769	116.4893053307692	2008-06-20 17:37:00	2008-06-20	17:37:00	17	4Friday	1	34	39.86621009219907	116.48868384571388	-2	15	39.866335413899485	116.48878134117045
201	39.86672597692307	116.48881610769232	2008-06-20 17:38:00	2008-06-20	17:38:00	17	4Friday	1	34	39.86621009219907	116.48868384571388	-2	15	39.866335413899485	116.48878134117045
202	39.86707566071427	116.48858108214282	2008-06-20 17:39:00	2008-06-20	17:39:00	17	4Friday	1	34	39.86621009219907	116.48868384571388	-2	15	39.866335413899485	116.48878134117045
203	39.86671006206896	116.48864519655172	2008-06-20 17:40:00	2008-06-20	17:40:00	17	4Friday	1	34	39.86621009219907	116.48868384571388	-2	15	39.866335413899485	116.48878134117045
204	39.866270758620686	116.48876955172413	2008-06-20 17:41:00	2008-06-20	17:41:00	17	4Friday	1	34	39.86621009219907	116.48868384571388	-2	15	39.866335413899485	116.48878134117045
205	39.86580914482759	116.48896598275863	2008-06-20 17:42:00	2008-06-20	17:42:00	17	4Friday	1	34	39.86621009219907	116.48868384571388	-2	15	39.866335413899485	116.48878134117045
206	39.865182312499996	116.48885835416667	2008-06-20 17:43:00	2008-06-20	17:43:00	17	4Friday	1	34	39.86621009219907	116.48868384571388	-2	15	39.866335413899485	116.48878134117045
207	39.865166599999995	116.48836709999999	2008-06-20 17:44:00	2008-06-20	17:44:00	17	4Friday	1	34	39.86621009219907	116.48868384571388	-2	15	39.866335413899485	116.48878134117045
208	39.8649968	116.48788624444445	2008-06-20 17:45:00	2008-06-20	17:45:00	17	4Friday	1	34	39.86621009219907	116.48868384571388	-2	15	39.866335413899485	116.48878134117045
209	39.86527092857143	116.48761591428571	2008-06-20 17:49:00	2008-06-20	17:49:00	17	4Friday	1	34	39.86621009219907	116.48868384571388	-2	15	39.866335413899485	116.48878134117045
210	39.86524938235294	116.48761721176469	2008-06-20 17:50:00	2008-06-20	17:50:00	17	4Friday	1	34	39.86621009219907	116.48868384571388	-2	15	39.866335413899485	116.48878134117045
211	39.865164439999994	116.48772894999999	2008-06-20 17:51:00	2008-06-20	17:51:00	17	4Friday	1	34	39.86621009219907	116.48868384571388	-2	15	39.866335413899485	116.48878134117045
212	39.86511661666666	116.48815509583333	2008-06-20 17:52:00	2008-06-20	17:52:00	17	4Friday	1	34	39.86621009219907	116.48868384571388	-2	15	39.866335413899485	116.48878134117045
213	39.8653401862069	116.48845782758619	2008-06-20 17:53:00	2008-06-20	17:53:00	17	4Friday	1	34	39.86621009219907	116.48868384571388	-2	15	39.866335413899485	116.48878134117045
214	39.86565555185185	116.48879562592593	2008-06-20 17:54:00	2008-06-20	17:54:00	17	4Friday	1	34	39.86621009219907	116.48868384571388	-2	15	39.866335413899485	116.48878134117045
215	39.86615251923077	116.48897200384619	2008-06-20 17:55:00	2008-06-20	17:55:00	17	4Friday	1	34	39.86621009219907	116.48868384571388	-2	15	39.866335413899485	116.48878134117045
216	39.866511351999996	116.48869854800002	2008-06-20 17:56:00	2008-06-20	17:56:00	17	4Friday	1	34	39.86621009219907	116.48868384571388	-2	15	39.866335413899485	116.48878134117045
217	39.866738411538456	116.48915551538461	2008-06-20 17:57:00	2008-06-20	17:57:00	17	4Friday	1	34	39.86621009219907	116.48868384571388	-2	15	39.866335413899485	116.48878134117045
218	39.86659347777778	116.48960161851849	2008-06-20 17:58:00	2008-06-20	17:58:00	17	4Friday	1	34	39.86621009219907	116.48868384571388	-2	15	39.866335413899485	116.48878134117045
219	39.866066530434786	116.48966009999998	2008-06-20 17:59:00	2008-06-20	17:59:00	17	4Friday	1	34	39.86621009219907	116.48868384571388	-2	15	39.866335413899485	116.48878134117045
220	39.866066530434786	116.48966009999998	2008-06-20 17:59:57.976766	2008-06-20	17:59:57.976766	17	4Friday	1	34	39.86621009219907	116.48868384571388	-2	15	39.866335413899485	116.48878134117045
221	39.97811826666666	116.32973216666666	2008-06-20 19:27:02.023234	2008-06-20	19:27:02.023234	19	4Friday	1	35	39.97811826666666	116.32973216666666	-2	6	39.97811826666666	116.32973216666666
222	39.97811826666666	116.32973216666666	2008-06-20 19:28:00	2008-06-20	19:28:00	19	4Friday	1	35	39.97811826666666	116.32973216666666	-2	6	39.97811826666666	116.32973216666666
223	39.97811826666666	116.32973216666666	2008-06-21 04:07:00	2008-06-21	04:07:00	4	5Saturday	1	35	39.97811826666666	116.32973216666666	-2	6	39.97811826666666	116.32973216666666
224	39.9778085	116.33174411363635	2008-06-21 04:07:00	2008-06-21	04:07:00	4	5Saturday	1	36	39.9778085	116.33174411363635	-2	2	39.977959858070406	116.33232490830645
225	39.9778085	116.33174411363635	2008-06-21 12:46:00	2008-06-21	12:46:00	12	5Saturday	1	36	39.9778085	116.33174411363635	-2	2	39.977959858070406	116.33232490830645
226	39.9778085	116.33174411363635	2008-06-21 12:49:18.989493	2008-06-21	12:49:18.989493	12	5Saturday	1	36	39.9778085	116.33174411363635	-2	2	39.977959858070406	116.33232490830645
227	39.980508285714286	116.32826899999998	2008-06-21 12:49:41.010507	2008-06-21	12:49:41.010507	12	5Saturday	1	37	39.980508285714286	116.32826899999998	-2	37	39.980508285714286	116.32826899999998
228	39.980508285714286	116.32826899999998	2008-06-21 12:53:00	2008-06-21	12:53:00	12	5Saturday	1	37	39.980508285714286	116.32826899999998	-2	37	39.980508285714286	116.32826899999998
229	39.980508285714286	116.32826899999998	2008-06-21 21:17:42.808766	2008-06-21	21:17:42.808766	21	5Saturday	1	37	39.980508285714286	116.32826899999998	-2	37	39.980508285714286	116.32826899999998
230	39.977680854545454	116.33254358181817	2008-06-24 00:43:17.191234	2008-06-24	00:43:17.191234	0	1Tuesday	1	38	39.97703404279875	116.33163064217054	-2	2	39.977959858070406	116.33232490830645
231	39.977680854545454	116.33254358181817	2008-06-24 09:08:00	2008-06-24	09:08:00	9	1Tuesday	1	38	39.97703404279875	116.33163064217054	-2	2	39.977959858070406	116.33232490830645
232	39.977680854545454	116.33254358181817	2008-06-24 09:10:00	2008-06-24	09:10:00	9	1Tuesday	1	38	39.97703404279875	116.33163064217054	-2	2	39.977959858070406	116.33232490830645
233	39.9763116	116.33094745	2008-06-24 09:10:00	2008-06-24	09:10:00	9	1Tuesday	1	39	39.9763116	116.33094745	-2	3	39.97629673070552	116.33093807785889
234	39.9763116	116.33094745	2008-06-24 09:12:00	2008-06-24	09:12:00	9	1Tuesday	1	39	39.9763116	116.33094745	-2	3	39.97629673070552	116.33093807785889
235	39.9763116	116.33094745	2008-06-24 17:08:00	2008-06-24	17:08:00	17	1Tuesday	1	39	39.9763116	116.33094745	-2	3	39.97629673070552	116.33093807785889
236	39.97589650689655	116.33135734827584	2008-06-24 17:08:00	2008-06-24	17:08:00	17	1Tuesday	1	40	39.97692259104529	116.33185628827339	-2	3	39.97629673070552	116.33093807785889
237	39.97589650689655	116.33135734827584	2008-06-25 01:04:00	2008-06-25	01:04:00	1	2Wednesday	1	40	39.97692259104529	116.33185628827339	-2	3	39.97629673070552	116.33093807785889
238	39.97589650689655	116.33135734827584	2008-06-25 01:06:00	2008-06-25	01:06:00	1	2Wednesday	1	40	39.97692259104529	116.33185628827339	-2	3	39.97629673070552	116.33093807785889
239	39.97799623076923	116.33241853846154	2008-06-25 01:06:00	2008-06-25	01:06:00	1	2Wednesday	1	41	39.97799623076923	116.33241853846154	-2	2	39.977959858070406	116.33232490830645
240	39.97799623076923	116.33241853846154	2008-06-25 01:08:00	2008-06-25	01:08:00	1	2Wednesday	1	41	39.97799623076923	116.33241853846154	-2	2	39.977959858070406	116.33232490830645
241	39.97799623076923	116.33241853846154	2008-06-25 05:34:00	2008-06-25	05:34:00	5	2Wednesday	1	41	39.97799623076923	116.33241853846154	-2	2	39.977959858070406	116.33232490830645
242	39.97798104	116.33240328499998	2008-06-25 05:34:00	2008-06-25	05:34:00	5	2Wednesday	1	42	39.97738636545511	116.33166069093762	-2	2	39.977959858070406	116.33232490830645
243	39.97798104	116.33240328499998	2008-06-25 10:00:00	2008-06-25	10:00:00	10	2Wednesday	1	42	39.97738636545511	116.33166069093762	-2	2	39.977959858070406	116.33232490830645
244	39.97798104	116.33240328499998	2008-06-25 10:01:30	2008-06-25	10:01:30	10	2Wednesday	1	42	39.97738636545511	116.33166069093762	-2	2	39.977959858070406	116.33232490830645
245	39.9768338909091	116.3308809272727	2008-06-25 10:01:30	2008-06-25	10:01:30	10	2Wednesday	1	43	39.9768338909091	116.3308809272727	-2	3	39.97629673070552	116.33093807785889
246	39.9768338909091	116.3308809272727	2008-06-25 10:03:00	2008-06-25	10:03:00	10	2Wednesday	1	43	39.9768338909091	116.3308809272727	-2	3	39.97629673070552	116.33093807785889
247	39.9768338909091	116.3308809272727	2008-06-25 12:43:00	2008-06-25	12:43:00	12	2Wednesday	1	43	39.9768338909091	116.3308809272727	-2	3	39.97629673070552	116.33093807785889
248	39.978109591304346	116.33221103913043	2008-06-29 12:43:00	2008-06-29	12:43:00	12	6Sunday	1	44	39.97754857595108	116.33146267436594	-2	2	39.977959858070406	116.33232490830645
249	39.978109591304346	116.33221103913043	2008-06-29 15:23:00	2008-06-29	15:23:00	15	6Sunday	1	44	39.97754857595108	116.33146267436594	-2	2	39.977959858070406	116.33232490830645
250	39.978109591304346	116.33221103913043	2008-06-29 15:24:30	2008-06-29	15:24:30	15	6Sunday	1	44	39.97754857595108	116.33146267436594	-2	2	39.977959858070406	116.33232490830645
251	39.9767448	116.33086591666667	2008-06-29 15:24:30	2008-06-29	15:24:30	15	6Sunday	1	45	39.9767448	116.33086591666667	-2	3	39.97629673070552	116.33093807785889
252	39.9767448	116.33086591666667	2008-06-29 15:26:00	2008-06-29	15:26:00	15	6Sunday	1	45	39.9767448	116.33086591666667	-2	3	39.97629673070552	116.33093807785889
253	39.9767448	116.33086591666667	2008-06-29 16:35:30	2008-06-29	16:35:30	16	6Sunday	1	45	39.9767448	116.33086591666667	-2	3	39.97629673070552	116.33093807785889
254	39.97571033076924	116.33083558461539	2008-06-29 16:35:30	2008-06-29	16:35:30	16	6Sunday	1	46	39.97571033076924	116.33083558461539	-2	3	39.97629673070552	116.33093807785889
255	39.97571033076924	116.33083558461539	2008-06-29 17:45:00	2008-06-29	17:45:00	17	6Sunday	1	46	39.97571033076924	116.33083558461539	-2	3	39.97629673070552	116.33093807785889
256	39.97571033076924	116.33083558461539	2008-06-29 17:51:22.494341	2008-06-29	17:51:22.494341	17	6Sunday	1	46	39.97571033076924	116.33083558461539	-2	3	39.97629673070552	116.33093807785889
257	39.97741706333333	116.33512371999998	2008-06-29 17:53:37.505659	2008-06-29	17:53:37.505659	17	6Sunday	1	47	39.97811222545919	116.33537530175386	-2	47	39.97811222545919	116.33537530175386
258	39.97741706333333	116.33512371999998	2008-06-29 18:00:00	2008-06-29	18:00:00	18	6Sunday	1	47	39.97811222545919	116.33537530175386	-2	47	39.97811222545919	116.33537530175386
259	39.97798328214286	116.33508304642855	2008-06-29 18:01:00	2008-06-29	18:01:00	18	6Sunday	1	47	39.97811222545919	116.33537530175386	-2	47	39.97811222545919	116.33537530175386
260	39.97819276874999	116.33523818125	2008-06-29 18:02:00	2008-06-29	18:02:00	18	6Sunday	1	47	39.97811222545919	116.33537530175386	-2	47	39.97811222545919	116.33537530175386
261	39.9786599	116.336055	2008-06-29 18:03:00	2008-06-29	18:03:00	18	6Sunday	1	47	39.97811222545919	116.33537530175386	-2	47	39.97811222545919	116.33537530175386
262	39.978214400000006	116.33550453333334	2008-06-29 18:07:00	2008-06-29	18:07:00	18	6Sunday	1	47	39.97811222545919	116.33537530175386	-2	47	39.97811222545919	116.33537530175386
263	39.97834980454546	116.3354926	2008-06-29 18:08:00	2008-06-29	18:08:00	18	6Sunday	1	47	39.97811222545919	116.33537530175386	-2	47	39.97811222545919	116.33537530175386
264	39.97836123076923	116.3352110923077	2008-06-29 18:09:00	2008-06-29	18:09:00	18	6Sunday	1	47	39.97811222545919	116.33537530175386	-2	47	39.97811222545919	116.33537530175386
265	39.97838902727273	116.33532828181818	2008-06-29 18:10:00	2008-06-29	18:10:00	18	6Sunday	1	47	39.97811222545919	116.33537530175386	-2	47	39.97811222545919	116.33537530175386
266	39.97774555714285	116.33514184285715	2008-06-29 18:14:00	2008-06-29	18:14:00	18	6Sunday	1	47	39.97811222545919	116.33537530175386	-2	47	39.97811222545919	116.33537530175386
267	39.97807470714286	116.33547387857143	2008-06-29 18:15:00	2008-06-29	18:15:00	18	6Sunday	1	47	39.97811222545919	116.33537530175386	-2	47	39.97811222545919	116.33537530175386
268	39.97804647272728	116.3357007090909	2008-06-29 18:16:00	2008-06-29	18:16:00	18	6Sunday	1	47	39.97811222545919	116.33537530175386	-2	47	39.97811222545919	116.33537530175386
269	39.97806561	116.33531943000003	2008-06-29 18:17:00	2008-06-29	18:17:00	18	6Sunday	1	47	39.97811222545919	116.33537530175386	-2	47	39.97811222545919	116.33537530175386
270	39.977959107142865	116.33520660714287	2008-06-29 18:23:00	2008-06-29	18:23:00	18	6Sunday	1	47	39.97811222545919	116.33537530175386	-2	47	39.97811222545919	116.33537530175386
271	39.977959107142865	116.33520660714287	2008-06-29 18:23:59.059671	2008-06-29	18:23:59.059671	18	6Sunday	1	47	39.97811222545919	116.33537530175386	-2	47	39.97811222545919	116.33537530175386
272	39.98514137857143	116.32777922857144	2008-06-29 18:27:00.940329	2008-06-29	18:27:00.940329	18	6Sunday	1	48	39.98514137857143	116.32777922857144	-2	48	39.98514137857143	116.32777922857144
273	39.98514137857143	116.32777922857144	2008-06-29 18:28:00	2008-06-29	18:28:00	18	6Sunday	1	48	39.98514137857143	116.32777922857144	-2	48	39.98514137857143	116.32777922857144
274	39.98514137857143	116.32777922857144	2008-06-29 18:35:29.214363	2008-06-29	18:35:29.214363	18	6Sunday	1	48	39.98514137857143	116.32777922857144	-2	48	39.98514137857143	116.32777922857144
275	39.978243299999995	116.33511000000001	2008-06-29 19:06:30.785637	2008-06-29	19:06:30.785637	19	6Sunday	1	49	39.975910098898794	116.33567812017635	-2	49	39.975910098898794	116.33567812017635
276	39.978243299999995	116.33511000000001	2008-06-29 19:14:00	2008-06-29	19:14:00	19	6Sunday	1	49	39.975910098898794	116.33567812017635	-2	49	39.975910098898794	116.33567812017635
277	39.97798972608696	116.33508994347827	2008-06-29 19:15:00	2008-06-29	19:15:00	19	6Sunday	1	49	39.975910098898794	116.33567812017635	-2	49	39.975910098898794	116.33567812017635
278	39.9774272375	116.335294525	2008-06-29 19:16:00	2008-06-29	19:16:00	19	6Sunday	1	49	39.975910098898794	116.33567812017635	-2	49	39.975910098898794	116.33567812017635
279	39.97686610384615	116.33548488461535	2008-06-29 19:17:00	2008-06-29	19:17:00	19	6Sunday	1	49	39.975910098898794	116.33567812017635	-2	49	39.975910098898794	116.33567812017635
280	39.97635614642858	116.33582494999997	2008-06-29 19:18:00	2008-06-29	19:18:00	19	6Sunday	1	49	39.975910098898794	116.33567812017635	-2	49	39.975910098898794	116.33567812017635
281	39.97595162692308	116.33638969230772	2008-06-29 19:19:00	2008-06-29	19:19:00	19	6Sunday	1	49	39.975910098898794	116.33567812017635	-2	49	39.975910098898794	116.33567812017635
282	39.975543684	116.33650528400001	2008-06-29 19:20:00	2008-06-29	19:20:00	19	6Sunday	1	49	39.975910098898794	116.33567812017635	-2	49	39.975910098898794	116.33567812017635
283	39.975407804	116.33604394	2008-06-29 19:21:00	2008-06-29	19:21:00	19	6Sunday	1	49	39.975910098898794	116.33567812017635	-2	49	39.975910098898794	116.33567812017635
284	39.975413583333335	116.33563215000002	2008-06-29 19:22:00	2008-06-29	19:22:00	19	6Sunday	1	49	39.975910098898794	116.33567812017635	-2	49	39.975910098898794	116.33567812017635
285	39.97577162	116.33573895999999	2008-06-29 19:28:00	2008-06-29	19:28:00	19	6Sunday	1	49	39.975910098898794	116.33567812017635	-2	49	39.975910098898794	116.33567812017635
286	39.97580864	116.33573985333332	2008-06-29 19:29:00	2008-06-29	19:29:00	19	6Sunday	1	49	39.975910098898794	116.33567812017635	-2	49	39.975910098898794	116.33567812017635
287	39.97580749999999	116.33573404666663	2008-06-29 19:30:00	2008-06-29	19:30:00	19	6Sunday	1	49	39.975910098898794	116.33567812017635	-2	49	39.975910098898794	116.33567812017635
288	39.975806599999984	116.33572989999999	2008-06-29 19:31:00	2008-06-29	19:31:00	19	6Sunday	1	49	39.975910098898794	116.33567812017635	-2	49	39.975910098898794	116.33567812017635
289	39.97575152631578	116.33569013684212	2008-06-29 19:32:00	2008-06-29	19:32:00	19	6Sunday	1	49	39.975910098898794	116.33567812017635	-2	49	39.975910098898794	116.33567812017635
290	39.975669437499995	116.33566746249997	2008-06-29 19:33:00	2008-06-29	19:33:00	19	6Sunday	1	49	39.975910098898794	116.33567812017635	-2	49	39.975910098898794	116.33567812017635
291	39.975660126666654	116.33567116000002	2008-06-29 19:34:00	2008-06-29	19:34:00	19	6Sunday	1	49	39.975910098898794	116.33567812017635	-2	49	39.975910098898794	116.33567812017635
292	39.975587155555544	116.33562781666666	2008-06-29 19:35:00	2008-06-29	19:35:00	19	6Sunday	1	49	39.975910098898794	116.33567812017635	-2	49	39.975910098898794	116.33567812017635
293	39.975619569230766	116.33566353076925	2008-06-29 19:38:00	2008-06-29	19:38:00	19	6Sunday	1	49	39.975910098898794	116.33567812017635	-2	49	39.975910098898794	116.33567812017635
294	39.97565689444444	116.3356219611111	2008-06-29 19:39:00	2008-06-29	19:39:00	19	6Sunday	1	49	39.975910098898794	116.33567812017635	-2	49	39.975910098898794	116.33567812017635
295	39.975646600000005	116.33559489999999	2008-06-29 19:40:00	2008-06-29	19:40:00	19	6Sunday	1	49	39.975910098898794	116.33567812017635	-2	49	39.975910098898794	116.33567812017635
296	39.97541505333333	116.33571294666665	2008-06-29 19:51:00	2008-06-29	19:51:00	19	6Sunday	1	49	39.975910098898794	116.33567812017635	-2	49	39.975910098898794	116.33567812017635
297	39.975577217647064	116.3356683823529	2008-06-29 19:52:00	2008-06-29	19:52:00	19	6Sunday	1	49	39.975910098898794	116.33567812017635	-2	49	39.975910098898794	116.33567812017635
298	39.97550364347828	116.33567712173914	2008-06-29 19:53:00	2008-06-29	19:53:00	19	6Sunday	1	49	39.975910098898794	116.33567812017635	-2	49	39.975910098898794	116.33567812017635
299	39.97540820000001	116.33565583157895	2008-06-29 19:54:00	2008-06-29	19:54:00	19	6Sunday	1	49	39.975910098898794	116.33567812017635	-2	49	39.975910098898794	116.33567812017635
300	39.97546400000001	116.33567803157894	2008-06-29 19:55:00	2008-06-29	19:55:00	19	6Sunday	1	49	39.975910098898794	116.33567812017635	-2	49	39.975910098898794	116.33567812017635
301	39.97548208333333	116.33558902222222	2008-06-29 19:56:00	2008-06-29	19:56:00	19	6Sunday	1	49	39.975910098898794	116.33567812017635	-2	49	39.975910098898794	116.33567812017635
302	39.975513031578956	116.33562195789473	2008-06-29 19:57:00	2008-06-29	19:57:00	19	6Sunday	1	49	39.975910098898794	116.33567812017635	-2	49	39.975910098898794	116.33567812017635
303	39.97553482352941	116.3356078882353	2008-06-29 19:58:00	2008-06-29	19:58:00	19	6Sunday	1	49	39.975910098898794	116.33567812017635	-2	49	39.975910098898794	116.33567812017635
304	39.975509933333335	116.33559920555552	2008-06-29 19:59:00	2008-06-29	19:59:00	19	6Sunday	1	49	39.975910098898794	116.33567812017635	-2	49	39.975910098898794	116.33567812017635
