Timestamp	Latitude	Longitude	0	Altitude	NumDays	ClusterId	ClusterMeanLat	ClusterMeanLon	StayPoint	SignificantPlace	Timestamp
2008-10-30 09:54:00	40.01523382222222	116.33877495555556	0.0	118.10000000000001	39751.41277263375	26.0	40.01525968975694	116.33843788090279	1.0	-1.0	2008-10-30 09:54:00
2008-10-30 09:55:00	40.01519032499999	116.338322425	0.0	114.8	39751.41362847222	26.0	40.01525968975694	116.33843788090279	1.0	-1.0	2008-10-30 09:55:00
2008-10-30 09:56:00	40.015404933333336	116.33813326666666	0.0	114.8	39751.414216820966	26.0	40.01525968975694	116.33843788090279	1.0	-1.0	2008-10-30 09:56:00
2008-10-30 09:58:00	40.0155816	116.33815829999999	0.0	114.8	39751.415925925896	26.0	40.01525968975694	116.33843788090279	1.0	-1.0	2008-10-30 09:58:00
2008-10-30 10:01:00	40.015323249999994	116.3382416	0.0	114.8	39751.41801504629	26.0	40.01525968975694	116.33843788090279	1.0	-1.0	2008-10-30 10:01:00
2008-10-30 10:02:00	40.015034099999994	116.33840409999999	0.0	111.5	39751.4183854167	26.0	40.01525968975694	116.33843788090279	1.0	-1.0	2008-10-30 10:02:00
2008-10-30 10:04:00	40.0151033	116.33854410000001	0.0	105.0	39751.4194733796	26.0	40.01525968975694	116.33843788090279	1.0	-1.0	2008-10-30 10:04:00
2008-10-30 10:05:00	40.0152061875	116.3389243	0.0	103.35	39751.420600405094	26.0	40.01525968975694	116.33843788090279	1.0	-1.0	2008-10-30 10:05:00
2008-10-30 12:15:00	40.017839620000004	116.34511261999998	0.0	163.35999999999999	39751.51072222223	760.0	40.017587243288524	116.34511093297036	1.0	-1.0	2008-10-30 12:15:00
2008-10-30 12:16:00	40.01800745	116.3449458	0.0	165.65	39751.51119212965	760.0	40.017587243288524	116.34511093297036	1.0	-1.0	2008-10-30 12:16:00
2008-10-30 12:17:00	40.0176290875	116.34504807500001	0.0	167.29999999999998	39751.51215567129	760.0	40.017587243288524	116.34511093297036	1.0	-1.0	2008-10-30 12:17:00
2008-10-30 12:18:00	40.0174916	116.34518380000002	0.0	168.4	39751.51292052466	760.0	40.017587243288524	116.34511093297036	1.0	-1.0	2008-10-30 12:18:00
2008-10-30 12:19:00	40.01783661666666	116.34498938333333	0.0	166.75	39751.51350694443	760.0	40.017587243288524	116.34511093297036	1.0	-1.0	2008-10-30 12:19:00
2008-10-30 12:20:00	40.017720600000004	116.34485826	0.0	167.3	39751.51441666666	760.0	40.017587243288524	116.34511093297036	1.0	-1.0	2008-10-30 12:20:00
2008-10-30 12:21:00	40.017349457142856	116.34515042857142	0.0	167.29999999999998	39751.51486937832	760.0	40.017587243288524	116.34511093297036	1.0	-1.0	2008-10-30 12:21:00
2008-10-30 12:22:00	40.01777554545455	116.3449984272727	0.0	167.29999999999998	39751.51551241584	760.0	40.017587243288524	116.34511093297036	1.0	-1.0	2008-10-30 12:22:00
2008-10-30 12:23:00	40.0173666	116.3448712	0.0	169.775	39751.516333912026	760.0	40.017587243288524	116.34511093297036	1.0	-1.0	2008-10-30 12:23:00
2008-10-30 12:24:00	40.017385499999996	116.34509826666665	0.0	171.70000000000002	39751.51718364197	760.0	40.017587243288524	116.34511093297036	1.0	-1.0	2008-10-30 12:24:00
2008-10-30 12:25:00	40.01756883333333	116.34503050000001	0.0	164.0	39751.5176273148	760.0	40.017587243288524	116.34511093297036	1.0	-1.0	2008-10-30 12:25:00
2008-10-30 12:26:00	40.01764364	116.34488730000001	0.0	167.3	39751.518418981475	760.0	40.017587243288524	116.34511093297036	1.0	-1.0	2008-10-30 12:26:00
2008-10-30 12:27:00	40.017949933333334	116.34522966666668	0.0	296.90000000000003	39751.519197530884	760.0	40.017587243288524	116.34511093297036	1.0	-1.0	2008-10-30 12:27:00
2008-10-30 12:28:00	40.017807733333335	116.34517493333334	0.0	205.63333333333333	39751.5196759259	760.0	40.017587243288524	116.34511093297036	1.0	-1.0	2008-10-30 12:28:00
2008-10-30 12:29:00	40.017669399999996	116.34524603333335	0.0	193.6	39751.520574845694	760.0	40.017587243288524	116.34511093297036	1.0	-1.0	2008-10-30 12:29:00
2008-10-30 12:30:00	40.01749993333333	116.34517716666666	0.0	187.0	39751.521238425936	760.0	40.017587243288524	116.34511093297036	1.0	-1.0	2008-10-30 12:30:00
2008-10-30 12:31:00	40.017314125	116.34502450000001	0.0	191.125	39751.521779513874	760.0	40.017587243288524	116.34511093297036	1.0	-1.0	2008-10-30 12:31:00
2008-11-01 08:29:00	40.06337188333334	116.40360548333332	0.0	177.20000000000002	39753.35369212961	201.0	40.06332932142857	116.40362418809525	1.0	-1.0	2008-11-01 08:29:00
2008-11-01 08:30:00	40.0632327	116.40369549999998	0.0	177.19999999999996	39753.35436728394	201.0	40.06332932142857	116.40362418809525	1.0	-1.0	2008-11-01 08:30:00
2008-11-01 08:31:00	40.0634116	116.4037149	0.0	177.2	39753.3552430556	201.0	40.06332932142857	116.40362418809525	1.0	-1.0	2008-11-01 08:31:00
2008-11-01 08:41:00	40.0633258	116.40357409999999	0.0	177.2	39753.36206018514	201.0	40.06332932142857	116.40362418809525	1.0	-1.0	2008-11-01 08:41:00
2008-11-01 08:42:00	40.063325	116.403705	0.0	177.2	39753.3629398148	201.0	40.06332932142857	116.40362418809525	1.0	-1.0	2008-11-01 08:42:00
2008-11-01 08:43:00	40.06331326666666	116.40342273333334	0.0	177.19999999999996	39753.36347608023	201.0	40.06332932142857	116.40362418809525	1.0	-1.0	2008-11-01 08:43:00
2008-11-01 08:44:00	40.063325	116.40365159999999	0.0	177.2	39753.3640046296	201.0	40.06332932142857	116.40362418809525	1.0	-1.0	2008-11-01 08:44:00
2008-11-02 06:28:00	40.0297333	116.33931489999999	0.0	91.9	39754.269537037	231.0	40.02973829999999	116.33930910000001	1.0	-1.0	2008-11-02 06:28:00
2008-11-02 07:01:00	40.02974329999999	116.33930330000001	0.0	78.7	39754.2926736111	231.0	40.02973829999999	116.33930910000001	1.0	-1.0	2008-11-02 07:01:00
2008-11-02 08:36:00	40.01813494545455	116.34123932727272	0.0	125.56363636363636	39754.35864372896	992.0	40.017918139854366	116.34133735395245	1.0	-1.0	2008-11-02 08:36:00
2008-11-02 08:37:00	40.0178266	116.3414416	0.0	131.2	39754.3590625	992.0	40.017918139854366	116.34133735395245	1.0	-1.0	2008-11-02 08:37:00
2008-11-02 23:58:00	40.0178316	116.34122990000002	0.0	259.2	39754.9991782407	992.0	40.017918139854366	116.34133735395245	1.0	-1.0	2008-11-02 23:58:00
2008-11-02 23:59:00	40.017845775000005	116.3413983	0.0	258.375	39754.99956886575	992.0	40.017918139854366	116.34133735395245	1.0	-1.0	2008-11-02 23:59:00
2008-11-04 09:49:00	40.01768562941177	116.34096083529413	0.0	109.81764705882351	39756.4093259804	992.0	40.017918139854366	116.34133735395245	1.0	-1.0	2008-11-04 09:49:00
2008-11-04 09:50:00	40.017928771428565	116.34145375714284	0.0	119.9857142857143	39756.41001157409	992.0	40.017918139854366	116.34133735395245	1.0	-1.0	2008-11-04 09:50:00
2008-11-04 09:51:00	40.017919899999995	116.3414183	0.0	124.7	39756.4104166667	992.0	40.017918139854366	116.34133735395245	1.0	-1.0	2008-11-04 09:51:00
2008-11-05 00:55:00	40.017708299999995	116.3414416	0.0	128.0	39757.038699845696	992.0	40.017918139854366	116.34133735395245	1.0	-1.0	2008-11-05 00:55:00
2008-11-05 00:57:00	40.01790603333333	116.34147660000001	0.0	124.7	39757.0400308642	992.0	40.017918139854366	116.34133735395245	1.0	-1.0	2008-11-05 00:57:00
2008-11-05 04:31:00	39.8458855	116.37341826666666	0.0	164.03333333333333	39757.1882523148	1394.0	39.84548826666667	116.37327271354171	1.0	-1.0	2008-11-05 04:31:00
2008-11-05 05:01:00	39.845563674999994	116.373377875	0.0	179.60000000000002	39757.2095804398	1394.0	39.84548826666667	116.37327271354171	1.0	-1.0	2008-11-05 05:01:00
2008-11-05 05:03:00	39.845307425	116.37337369999999	0.0	177.2	39757.210821759276	1394.0	39.84548826666667	116.37327271354171	1.0	-1.0	2008-11-05 05:03:00
2008-11-05 08:34:00	40.01773127999999	116.34076995000001	0.0	161.73999999999998	39757.35720717594	992.0	40.017918139854366	116.34133735395245	1.0	-1.0	2008-11-05 08:34:00
2008-11-05 08:35:00	40.018017799999996	116.34121112857143	0.0	144.37142857142857	39757.35782572751	992.0	40.017918139854366	116.34133735395245	1.0	-1.0	2008-11-05 08:35:00
2008-11-05 13:49:00	40.017886600000004	116.34135659999998	0.0	154.2	39757.5762384259	992.0	40.017918139854366	116.34133735395245	1.0	-1.0	2008-11-05 13:49:00
2008-11-05 15:52:00	40.0178266	116.341275	0.0	98.4	39757.661122685204	992.0	40.017918139854366	116.34133735395245	1.0	-1.0	2008-11-05 15:52:00
2008-11-05 15:54:00	40.0178816	116.34135159999998	0.0	108.3	39757.6628125	992.0	40.017918139854366	116.34133735395245	1.0	-1.0	2008-11-05 15:54:00
2008-11-05 16:50:00	40.0180083	116.34130829999998	0.0	68.9	39757.7019675926	992.0	40.017918139854366	116.34133735395245	1.0	-1.0	2008-11-05 16:50:00
2008-11-06 01:51:00	40.01785245	116.34129994999999	0.0	139.39999999999998	39758.07770833335	992.0	40.017918139854366	116.34133735395245	1.0	-1.0	2008-11-06 01:51:00
2008-11-06 01:52:00	40.017954707142856	116.34113315714283	0.0	110.60714285714285	39758.078206845246	992.0	40.017918139854366	116.34133735395245	1.0	-1.0	2008-11-06 01:52:00
2008-11-06 04:27:00	39.92902471428572	116.34731018571428	0.0	-1509.6571428571428	39758.18581679894	635.0	39.9292272454365	116.34719434345239	1.0	-1.0	2008-11-06 04:27:00
2008-11-06 04:28:00	39.92910133333333	116.34702464999998	0.0	-1326.0	39758.18638310185	635.0	39.9292272454365	116.34719434345239	1.0	-1.0	2008-11-06 04:28:00
2008-11-06 04:29:00	39.928973725	116.347067025	0.0	-733.25	39758.18706018517	635.0	39.9292272454365	116.34719434345239	1.0	-1.0	2008-11-06 04:29:00
2008-11-06 04:33:00	39.9292638	116.34717770000002	0.0	-659.4666666666667	39758.18988425926	635.0	39.9292272454365	116.34719434345239	1.0	-1.0	2008-11-06 04:33:00
2008-11-06 04:39:00	39.9294483	116.34723490000002	0.0	-590.6	39758.1938425926	635.0	39.9292272454365	116.34719434345239	1.0	-1.0	2008-11-06 04:39:00
2008-11-06 04:53:00	39.929551599999996	116.3473516	0.0	-570.9	39758.20369212965	635.0	39.9292272454365	116.34719434345239	1.0	-1.0	2008-11-06 04:53:00
2008-11-06 05:36:00	39.967338299999994	116.41170159999999	0.0	-1194.2	39758.2336458333	659.0	39.96762149166666	116.41155160833333	1.0	-1.0	2008-11-06 05:36:00
2008-11-06 05:39:00	39.967492166666666	116.41147996666666	0.0	-1190.9	39758.2359683642	659.0	39.96762149166666	116.41155160833333	1.0	-1.0	2008-11-06 05:39:00
2008-11-06 05:43:00	39.967737199999995	116.41148326666666	0.0	-1192.0000000000002	39758.23876543207	659.0	39.96762149166666	116.41155160833333	1.0	-1.0	2008-11-06 05:43:00
2008-11-06 05:53:00	39.967918299999994	116.41154159999999	0.0	-1227.0	39758.2456944444	659.0	39.96762149166666	116.41155160833333	1.0	-1.0	2008-11-06 05:53:00
2008-11-06 05:56:00	39.9681633	116.411511225	0.0	-1227.0	39758.2474537037	660.0	39.96843850833334	116.41107443645832	1.0	-1.0	2008-11-06 05:56:00
2008-11-06 05:57:00	39.968298299999994	116.4113999	0.0	-1227.0	39758.2485300926	660.0	39.96843850833334	116.41107443645832	1.0	-1.0	2008-11-06 05:57:00
2008-11-06 06:03:00	39.9682494	116.41120273333333	0.0	-1223.8	39758.25236111114	660.0	39.96843850833334	116.41107443645832	1.0	-1.0	2008-11-06 06:03:00
2008-11-06 06:04:00	39.968381066666666	116.41110103333335	0.0	-1224.8666666666666	39758.2533564815	660.0	39.96843850833334	116.41107443645832	1.0	-1.0	2008-11-06 06:04:00
2008-11-06 06:05:00	39.9685766	116.41109329999999	0.0	-1223.8	39758.253472222204	660.0	39.96843850833334	116.41107443645832	1.0	-1.0	2008-11-06 06:05:00
2008-11-06 06:08:00	39.9684966	116.41075330000001	0.0	-1213.9	39758.2560763889	660.0	39.96843850833334	116.41107443645832	1.0	-1.0	2008-11-06 06:08:00
2008-11-06 06:09:00	39.9685766	116.41070990000001	0.0	-1213.9	39758.2562962963	660.0	39.96843850833334	116.41107443645832	1.0	-1.0	2008-11-06 06:09:00
2008-11-06 06:11:00	39.968766200000005	116.4108241	0.0	-1210.6	39758.258101851854	660.0	39.96843850833334	116.41107443645832	1.0	-1.0	2008-11-06 06:11:00
2008-11-06 06:44:00	39.967795466666665	116.40969496666666	0.0	164.0666666666667	39758.28092978397	671.0	39.96833572606061	116.4097797648485	1.0	-1.0	2008-11-06 06:44:00
2008-11-06 06:45:00	39.96789553333334	116.40976993333332	0.0	138.86666666666667	39758.281462191335	671.0	39.96833572606061	116.4097797648485	1.0	-1.0	2008-11-06 06:45:00
2008-11-06 06:46:00	39.96806826666667	116.40974493333333	0.0	82.0	39758.282341820995	671.0	39.96833572606061	116.4097797648485	1.0	-1.0	2008-11-06 06:46:00
2008-11-06 06:47:00	39.96828162	116.40978627999998	0.0	-11.82	39758.28288194444	671.0	39.96833572606061	116.4097797648485	1.0	-1.0	2008-11-06 06:47:00
2008-11-06 06:49:00	39.9684316	116.4099183	0.0	-23.0	39758.2846759259	671.0	39.96833572606061	116.4097797648485	1.0	-1.0	2008-11-06 06:49:00
2008-11-06 06:53:00	39.9685216	116.4099366	0.0	-23.0	39758.287094907406	671.0	39.96833572606061	116.4097797648485	1.0	-1.0	2008-11-06 06:53:00
2008-11-06 06:54:00	39.9685916	116.4098733	0.0	-23.0	39758.288009259304	671.0	39.96833572606061	116.4097797648485	1.0	-1.0	2008-11-06 06:54:00
2008-11-06 06:55:00	39.96865	116.4097983	0.0	-62.3	39758.288287037	671.0	39.96833572606061	116.4097797648485	1.0	-1.0	2008-11-06 06:55:00
2008-11-06 06:57:00	39.968550799999996	116.40968659999999	0.0	-49.2	39758.2896527778	671.0	39.96833572606061	116.4097797648485	1.0	-1.0	2008-11-06 06:57:00
2008-11-06 07:00:00	39.9684066	116.40970659999999	0.0	-49.2	39758.291909722204	671.0	39.96833572606061	116.4097797648485	1.0	-1.0	2008-11-06 07:00:00
2008-11-06 07:03:00	39.9684999	116.40966159999999	0.0	-49.2	39758.294166666696	671.0	39.96833572606061	116.4097797648485	1.0	-1.0	2008-11-06 07:03:00
2008-11-06 07:38:00	39.91075728999999	116.35798712	0.0	199.46999999999997	39758.31816087963	704.0	39.91073407999999	116.35767707333332	1.0	-1.0	2008-11-06 07:38:00
2008-11-06 07:44:00	39.9106933	116.35759499999999	0.0	190.3	39758.3227777778	704.0	39.91073407999999	116.35767707333332	1.0	-1.0	2008-11-06 07:44:00
2008-11-06 08:17:00	39.910751649999995	116.3574491	0.0	196.9	39758.34580439815	704.0	39.91073407999999	116.35767707333332	1.0	-1.0	2008-11-06 08:17:00
2008-11-06 10:51:00	40.01803606666666	116.34136269999999	0.0	123.60000000000001	39758.452368827166	992.0	40.017918139854366	116.34133735395245	1.0	-1.0	2008-11-06 10:51:00
2008-11-06 11:49:00	40.0180449	116.34139990000001	0.0	124.7	39758.4925694444	992.0	40.017918139854366	116.34133735395245	1.0	-1.0	2008-11-06 11:49:00
2008-11-06 12:20:00	40.0179499	116.34139499999999	0.0	124.7	39758.5143402778	992.0	40.017918139854366	116.34133735395245	1.0	-1.0	2008-11-06 12:20:00
2008-11-06 12:21:00	40.0179236875	116.34154765	0.0	144.7875	39758.51490162036	992.0	40.017918139854366	116.34133735395245	1.0	-1.0	2008-11-06 12:21:00
2008-11-06 12:27:00	40.01757401111111	116.3455681111111	0.0	127.26666666666668	39758.51906507202	760.0	40.017587243288524	116.34511093297036	1.0	-1.0	2008-11-06 12:27:00
2008-11-06 12:28:00	40.017175124999994	116.3453345125	0.0	127.57499999999999	39758.519832175894	760.0	40.017587243288524	116.34511093297036	1.0	-1.0	2008-11-06 12:28:00
2008-11-06 12:29:00	40.017675625	116.34509633333333	0.0	137.79999999999995	39758.52047646605	760.0	40.017587243288524	116.34511093297036	1.0	-1.0	2008-11-06 12:29:00
2008-11-06 12:30:00	40.0176291	116.34481369999999	0.0	140.275	39758.52127314815	760.0	40.017587243288524	116.34511093297036	1.0	-1.0	2008-11-06 12:30:00
2008-11-06 12:31:00	40.017537280000006	116.34518916666666	0.0	139.78	39758.52189583333	760.0	40.017587243288524	116.34511093297036	1.0	-1.0	2008-11-06 12:31:00
2008-11-06 12:32:00	40.017617253846154	116.34479852307692	0.0	143.88461538461542	39758.52251958689	760.0	40.017587243288524	116.34511093297036	1.0	-1.0	2008-11-06 12:32:00
2008-11-06 12:33:00	40.017342025	116.34530285000001	0.0	145.1875	39758.52323350694	760.0	40.017587243288524	116.34511093297036	1.0	-1.0	2008-11-06 12:33:00
2008-11-06 12:34:00	40.0178804	116.3451892285714	0.0	145.28571428571428	39758.52401785713	760.0	40.017587243288524	116.34511093297036	1.0	-1.0	2008-11-06 12:34:00
2008-11-06 12:35:00	40.017665375	116.34476995	0.0	166.07500000000002	39758.52463831019	760.0	40.017587243288524	116.34511093297036	1.0	-1.0	2008-11-06 12:35:00
2008-11-06 12:36:00	40.01716861999999	116.34501594000001	0.0	173.85999999999999	39758.52522685186	760.0	40.017587243288524	116.34511093297036	1.0	-1.0	2008-11-06 12:36:00
2008-11-06 12:37:00	40.01729694	116.34534427999999	0.0	157.5	39758.52609953702	760.0	40.017587243288524	116.34511093297036	1.0	-1.0	2008-11-06 12:37:00
2008-11-06 12:38:00	40.01784827499999	116.34518703749998	0.0	174.7125	39758.52677372685	760.0	40.017587243288524	116.34511093297036	1.0	-1.0	2008-11-06 12:38:00
2008-11-06 12:39:00	40.01749827	116.34489511	0.0	181.39000000000004	39758.52750694445	760.0	40.017587243288524	116.34511093297036	1.0	-1.0	2008-11-06 12:39:00
2008-11-06 12:40:00	40.017189933333334	116.34523773333332	0.0	178.23333333333335	39758.52822145064	760.0	40.017587243288524	116.34511093297036	1.0	-1.0	2008-11-06 12:40:00
2008-11-06 12:41:00	40.0173283	116.34520159999998	0.0	173.9	39758.5284953704	760.0	40.017587243288524	116.34511093297036	1.0	-1.0	2008-11-06 12:41:00
2008-11-06 12:42:00	40.017520375000004	116.345317025	0.0	182.87499999999997	39758.52947627317	760.0	40.017587243288524	116.34511093297036	1.0	-1.0	2008-11-06 12:42:00
2008-11-06 12:43:00	40.0177133	116.34520995	0.0	180.4	39758.53000578705	760.0	40.017587243288524	116.34511093297036	1.0	-1.0	2008-11-06 12:43:00
2008-11-06 12:46:00	40.017711600000005	116.34525829999998	0.0	183.7	39758.5319675926	760.0	40.017587243288524	116.34511093297036	1.0	-1.0	2008-11-06 12:46:00
2008-11-06 12:50:00	40.017913275	116.34523787499998	0.0	552.825	39758.53489293983	760.0	40.017587243288524	116.34511093297036	1.0	-1.0	2008-11-06 12:50:00
2008-11-06 13:10:00	40.01400160000001	116.34634271666664	0.0	132.29999999999998	39758.5489197531	768.0	40.01416289058334	116.34633907499999	1.0	-1.0	2008-11-06 13:10:00
2008-11-06 13:11:00	40.0140016	116.34667160000001	0.0	137.8	39758.549375	768.0	40.01416289058334	116.34633907499999	1.0	-1.0	2008-11-06 13:11:00
2008-11-06 13:12:00	40.014094899999996	116.3465883	0.0	134.5	39758.5500231481	768.0	40.01416289058334	116.34633907499999	1.0	-1.0	2008-11-06 13:12:00
2008-11-06 13:14:00	40.01415	116.34666329999999	0.0	134.5	39758.5516435185	768.0	40.01416289058334	116.34633907499999	1.0	-1.0	2008-11-06 13:14:00
2008-11-06 13:17:00	40.014233687499996	116.34622827499999	0.0	134.5	39758.553946759275	768.0	40.01416289058334	116.34633907499999	1.0	-1.0	2008-11-06 13:17:00
2008-11-06 13:18:00	40.01409103333333	116.34634606666667	0.0	131.2	39758.55464120373	768.0	40.01416289058334	116.34633907499999	1.0	-1.0	2008-11-06 13:18:00
2008-11-06 13:19:00	40.014044899999995	116.34616000000001	0.0	131.2	39758.5548726852	768.0	40.01416289058334	116.34633907499999	1.0	-1.0	2008-11-06 13:19:00
2008-11-06 13:20:00	40.014307259999995	116.34608060000001	0.0	133.84	39758.5558564815	768.0	40.01416289058334	116.34633907499999	1.0	-1.0	2008-11-06 13:20:00
2008-11-06 13:21:00	40.0142894	116.34613826666667	0.0	134.5	39758.55683641977	768.0	40.01416289058334	116.34633907499999	1.0	-1.0	2008-11-06 13:21:00
2008-11-06 13:22:00	40.014414525	116.346171625	0.0	134.5	39758.55732060185	768.0	40.01416289058334	116.34633907499999	1.0	-1.0	2008-11-06 13:22:00
2008-11-07 09:48:00	40.017982733333334	116.34151216666665	0.0	130.15	39759.40851851852	992.0	40.017918139854366	116.34133735395245	1.0	-1.0	2008-11-07 09:48:00
2008-11-07 09:50:00	40.01785	116.34143490000001	0.0	137.8	39759.410162037	992.0	40.017918139854366	116.34133735395245	1.0	-1.0	2008-11-07 09:50:00
2008-11-07 09:51:00	40.017869950000005	116.3413216	0.0	137.8	39759.4105613426	992.0	40.017918139854366	116.34133735395245	1.0	-1.0	2008-11-07 09:51:00
2008-11-07 09:53:00	40.0178799	116.34141159999999	0.0	137.8	39759.4120023148	992.0	40.017918139854366	116.34133735395245	1.0	-1.0	2008-11-07 09:53:00
2008-11-07 09:54:00	40.0177966	116.34134745	0.0	137.8	39759.412962962946	992.0	40.017918139854366	116.34133735395245	1.0	-1.0	2008-11-07 09:54:00
2008-11-07 10:36:00	40.0178466	116.3412449	0.0	137.8	39759.4422337963	992.0	40.017918139854366	116.34133735395245	1.0	-1.0	2008-11-07 10:36:00
2008-11-07 10:40:00	40.01818660000001	116.3413966	0.0	137.8	39759.445	992.0	40.017918139854366	116.34133735395245	1.0	-1.0	2008-11-07 10:40:00
2008-11-07 10:42:00	40.01838355	116.34114356666667	0.0	137.79999999999998	39759.44627507715	992.0	40.017918139854366	116.34133735395245	1.0	-1.0	2008-11-07 10:42:00
2008-11-07 10:44:00	40.01812165	116.34142994999999	0.0	137.8	39759.4472627315	992.0	40.017918139854366	116.34133735395245	1.0	-1.0	2008-11-07 10:44:00
2008-11-07 10:46:00	40.017973299999994	116.34142659999998	0.0	137.8	39759.44875	992.0	40.017918139854366	116.34133735395245	1.0	-1.0	2008-11-07 10:46:00
2008-11-07 10:47:00	40.018061599999996	116.34125773333334	0.0	137.8	39759.44971450617	992.0	40.017918139854366	116.34133735395245	1.0	-1.0	2008-11-07 10:47:00
2008-11-07 10:54:00	40.0182791	116.34105659999999	0.0	137.8	39759.4545196759	992.0	40.017918139854366	116.34133735395245	1.0	-1.0	2008-11-07 10:54:00
2008-11-07 10:55:00	40.01845383333333	116.34109996666666	0.0	134.5	39759.455235339505	992.0	40.017918139854366	116.34133735395245	1.0	-1.0	2008-11-07 10:55:00
2008-11-07 10:56:00	40.018222449999996	116.34118244999999	0.0	134.5	39759.45619212965	992.0	40.017918139854366	116.34133735395245	1.0	-1.0	2008-11-07 10:56:00
2008-11-07 10:57:00	40.018085799999994	116.34131744999999	0.0	134.5	39759.4564351852	992.0	40.017918139854366	116.34133735395245	1.0	-1.0	2008-11-07 10:57:00
2008-11-07 11:01:00	40.0178266	116.34120159999998	0.0	134.5	39759.4596412037	992.0	40.017918139854366	116.34133735395245	1.0	-1.0	2008-11-07 11:01:00
2008-11-07 11:05:00	40.0178616	116.34129990000001	0.0	134.5	39759.4619097222	992.0	40.017918139854366	116.34133735395245	1.0	-1.0	2008-11-07 11:05:00
2008-11-07 11:06:00	40.0179049	116.34138490000002	0.0	134.5	39759.4626041667	992.0	40.017918139854366	116.34133735395245	1.0	-1.0	2008-11-07 11:06:00
2008-11-07 11:10:00	40.0179299	116.3414899	0.0	134.5	39759.4654976852	992.0	40.017918139854366	116.34133735395245	1.0	-1.0	2008-11-07 11:10:00
2008-11-07 11:11:00	40.01794829999999	116.34140159999998	0.0	131.2	39759.4665277778	992.0	40.017918139854366	116.34133735395245	1.0	-1.0	2008-11-07 11:11:00
2008-11-07 11:13:00	40.01796160000001	116.3414916	0.0	131.2	39759.4676041667	992.0	40.017918139854366	116.34133735395245	1.0	-1.0	2008-11-07 11:13:00
2008-11-07 11:16:00	40.01826794	116.34123393999998	0.0	131.2	39759.46973842592	992.0	40.017918139854366	116.34133735395245	1.0	-1.0	2008-11-07 11:16:00
2008-11-07 11:17:00	40.0180266	116.3414166	0.0	131.2	39759.4702777778	992.0	40.017918139854366	116.34133735395245	1.0	-1.0	2008-11-07 11:17:00
2008-11-07 11:18:00	40.01791994999999	116.34130744999999	0.0	131.2	39759.47122685185	992.0	40.017918139854366	116.34133735395245	1.0	-1.0	2008-11-07 11:18:00
2008-11-07 11:19:00	40.01791745	116.34123159999999	0.0	131.2	39759.47178819445	992.0	40.017918139854366	116.34133735395245	1.0	-1.0	2008-11-07 11:19:00
2008-11-07 11:21:00	40.0178649	116.3412966	0.0	131.2	39759.4732986111	992.0	40.017918139854366	116.34133735395245	1.0	-1.0	2008-11-07 11:21:00
2008-11-07 11:22:00	40.0180016	116.3414755	0.0	131.2	39759.473757716034	992.0	40.017918139854366	116.34133735395245	1.0	-1.0	2008-11-07 11:22:00
2008-11-07 11:24:00	40.0180783	116.34143159999999	0.0	131.2	39759.4754050926	992.0	40.017918139854366	116.34133735395245	1.0	-1.0	2008-11-07 11:24:00
2008-11-08 00:12:00	40.017982716666666	116.3413355	0.0	186.45000000000002	39760.00844135804	992.0	40.017918139854366	116.34133735395245	1.0	-1.0	2008-11-08 00:12:00
2008-11-08 07:12:00	40.01781995	116.34120575	0.0	-67.3	39760.300613425905	992.0	40.017918139854366	116.34133735395245	1.0	-1.0	2008-11-08 07:12:00
2008-11-08 07:13:00	40.0177949	116.34106829999999	0.0	-98.4	39760.3009259259	992.0	40.017918139854366	116.34133735395245	1.0	-1.0	2008-11-08 07:13:00
2008-11-08 07:40:00	40.017875	116.34101159999999	0.0	-78.7	39760.320115740695	992.0	40.017918139854366	116.34133735395245	1.0	-1.0	2008-11-08 07:40:00
2008-11-08 07:49:00	40.017977637499996	116.3412616125	0.0	-77.9	39760.326218171285	992.0	40.017918139854366	116.34133735395245	1.0	-1.0	2008-11-08 07:49:00
2008-11-08 09:04:00	39.8673416	116.3599383	0.0	121.4	39760.3782638889	911.0	39.86738785575981	116.35995414325977	1.0	-1.0	2008-11-08 09:04:00
2008-11-08 09:19:00	39.8674416	116.3599499	0.0	121.4	39760.38875	911.0	39.86738785575981	116.35995414325977	1.0	-1.0	2008-11-08 09:19:00
2008-11-08 09:25:00	39.8675049	116.3600166	0.0	121.4	39760.3927430556	911.0	39.86738785575981	116.35995414325977	1.0	-1.0	2008-11-08 09:25:00
2008-11-08 09:28:00	39.8675016	116.35992659999998	0.0	124.7	39760.3946180556	911.0	39.86738785575981	116.35995414325977	1.0	-1.0	2008-11-08 09:28:00
2008-11-08 09:31:00	39.8675166	116.3598283	0.0	124.7	39760.3965277778	911.0	39.86738785575981	116.35995414325977	1.0	-1.0	2008-11-08 09:31:00
2008-11-08 09:45:00	39.867472166666666	116.35992046666667	0.0	123.60000000000001	39760.40658564817	911.0	39.86738785575981	116.35995414325977	1.0	-1.0	2008-11-08 09:45:00
2008-11-08 09:58:00	39.86719385000001	116.35976744999999	0.0	122.50000000000001	39760.41572916667	911.0	39.86738785575981	116.35995414325977	1.0	-1.0	2008-11-08 09:58:00
2008-11-08 09:59:00	39.86713052941177	116.36028552941175	0.0	130.06470588235297	39760.416435866	911.0	39.86738785575981	116.35995414325977	1.0	-1.0	2008-11-08 09:59:00
2008-11-08 10:53:00	39.923370799999994	116.3489587	0.0	242.8	39760.453859953705	944.0	39.92321145109032	116.3487967227475	1.0	-1.0	2008-11-08 10:53:00
2008-11-08 10:56:00	39.923126614285714	116.34891400000001	0.0	243.27142857142854	39760.45598875663	944.0	39.92321145109032	116.3487967227475	1.0	-1.0	2008-11-08 10:56:00
2008-11-08 10:58:00	39.92294325	116.34895329999999	0.0	242.8	39760.457598379595	944.0	39.92321145109032	116.3487967227475	1.0	-1.0	2008-11-08 10:58:00
2008-11-08 11:02:00	39.923043299999996	116.3488966	0.0	242.8	39760.46	944.0	39.92321145109032	116.3487967227475	1.0	-1.0	2008-11-08 11:02:00
2008-11-08 11:06:00	39.923161799999995	116.3491468111111	0.0	251.86666666666665	39760.46293852882	944.0	39.92321145109032	116.3487967227475	1.0	-1.0	2008-11-08 11:06:00
2008-11-08 12:27:00	40.017553275	116.34089159999999	0.0	183.7	39760.518816550924	992.0	40.017918139854366	116.34133735395245	1.0	-1.0	2008-11-08 12:27:00
2008-11-08 12:30:00	40.01797858	116.34100328	0.0	180.4	39760.5213796296	992.0	40.017918139854366	116.34133735395245	1.0	-1.0	2008-11-08 12:30:00
2008-11-08 12:31:00	40.01799995	116.34135034999998	0.0	176.37499999999997	39760.521634837976	992.0	40.017918139854366	116.34133735395245	1.0	-1.0	2008-11-08 12:31:00
2008-11-08 12:32:00	40.01782995	116.34142495	0.0	173.9	39760.5224247685	992.0	40.017918139854366	116.34133735395245	1.0	-1.0	2008-11-08 12:32:00
2008-11-08 16:52:00	40.017886600000004	116.34133659999999	0.0	183.7	39760.7029976852	992.0	40.017918139854366	116.34133735395245	1.0	-1.0	2008-11-08 16:52:00
2008-11-08 19:23:00	40.0179599	116.3413966	0.0	170.6	39760.808171296296	992.0	40.017918139854366	116.34133735395245	1.0	-1.0	2008-11-08 19:23:00
2008-11-08 23:09:00	40.0178799	116.34135490000001	0.0	131.2	39760.964594907404	992.0	40.017918139854366	116.34133735395245	1.0	-1.0	2008-11-08 23:09:00
2008-11-08 23:21:00	40.0178166	116.3414249	0.0	177.2	39760.9732175926	992.0	40.017918139854366	116.34133735395245	1.0	-1.0	2008-11-08 23:21:00
2008-11-08 23:22:00	40.0178549	116.34151159999999	0.0	183.7	39760.9741550926	992.0	40.017918139854366	116.34133735395245	1.0	-1.0	2008-11-08 23:22:00
2008-11-08 23:24:00	40.0178049	116.3414249	0.0	190.3	39760.9753356481	992.0	40.017918139854366	116.34133735395245	1.0	-1.0	2008-11-08 23:24:00
2008-11-09 01:16:00	40.0177499	116.34134990000001	0.0	167.3	39761.0529513889	992.0	40.017918139854366	116.34133735395245	1.0	-1.0	2008-11-09 01:16:00
2008-11-09 01:21:00	40.01766046666666	116.3411883	0.0	64.49999999999999	39761.056493055534	992.0	40.017918139854366	116.34133735395245	1.0	-1.0	2008-11-09 01:21:00
2008-11-09 01:37:00	40.017778299999996	116.3411199	0.0	229.7	39761.0675	992.0	40.017918139854366	116.34133735395245	1.0	-1.0	2008-11-09 01:37:00
2008-11-09 01:47:00	40.017902449999994	116.34118744999999	0.0	291.95	39761.074866898154	992.0	40.017918139854366	116.34133735395245	1.0	-1.0	2008-11-09 01:47:00
2008-11-09 01:48:00	40.017989899999996	116.3413033	0.0	360.9	39761.0750810185	992.0	40.017918139854366	116.34133735395245	1.0	-1.0	2008-11-09 01:48:00
2008-11-09 03:04:00	40.018009899999996	116.34141499999998	0.0	423.2	39761.1278009259	992.0	40.017918139854366	116.34133735395245	1.0	-1.0	2008-11-09 03:04:00
2008-11-09 03:50:00	40.01802909999999	116.3415541	0.0	441.3	39761.16017939815	992.0	40.017918139854366	116.34133735395245	1.0	-1.0	2008-11-09 03:50:00
2008-11-09 03:58:00	40.0180516	116.34168999999999	0.0	429.8	39761.1655439815	992.0	40.017918139854366	116.34133735395245	1.0	-1.0	2008-11-09 03:58:00
2008-11-09 03:59:00	40.01794829999999	116.3415416	0.0	210.0	39761.1666087963	992.0	40.017918139854366	116.34133735395245	1.0	-1.0	2008-11-09 03:59:00
2008-11-09 04:00:00	40.0178933	116.34145829999999	0.0	101.7	39761.1669907407	992.0	40.017918139854366	116.34133735395245	1.0	-1.0	2008-11-09 04:00:00
2008-11-09 04:01:00	40.017841600000004	116.34138	0.0	6.6	39761.1673726852	992.0	40.017918139854366	116.34133735395245	1.0	-1.0	2008-11-09 04:01:00
2008-11-09 04:02:00	40.017868299999996	116.3414733	0.0	-124.7	39761.168703703705	992.0	40.017918139854366	116.34133735395245	1.0	-1.0	2008-11-09 04:02:00
2008-11-09 04:12:00	40.0178283	116.3413916	0.0	-193.6	39761.1752083333	992.0	40.017918139854366	116.34133735395245	1.0	-1.0	2008-11-09 04:12:00
2008-11-09 04:13:00	40.0178466	116.3414833	0.0	-206.7	39761.1759953704	992.0	40.017918139854366	116.34133735395245	1.0	-1.0	2008-11-09 04:13:00
2008-11-09 04:22:00	40.0178766	116.34156829999999	0.0	-246.1	39761.1825578704	992.0	40.017918139854366	116.34133735395245	1.0	-1.0	2008-11-09 04:22:00
2008-11-09 04:24:00	40.0179166	116.3416566	0.0	-308.4	39761.1834143519	992.0	40.017918139854366	116.34133735395245	1.0	-1.0	2008-11-09 04:24:00
2008-11-09 04:40:00	40.017945000000005	116.34156999999999	0.0	-242.8	39761.1950925926	992.0	40.017918139854366	116.34133735395245	1.0	-1.0	2008-11-09 04:40:00
2008-11-09 04:49:00	40.0179599	116.34147659999998	0.0	-246.1	39761.201307870404	992.0	40.017918139854366	116.34133735395245	1.0	-1.0	2008-11-09 04:49:00
2008-11-09 04:50:00	40.01799245	116.34149245	0.0	-228.05	39761.2017476852	992.0	40.017918139854366	116.34133735395245	1.0	-1.0	2008-11-09 04:50:00
2008-11-09 04:51:00	40.017769933333334	116.3415655	0.0	120.3	39761.20229166667	992.0	40.017918139854366	116.34133735395245	1.0	-1.0	2008-11-09 04:51:00
2008-11-09 05:25:00	40.01769829999999	116.34151829999999	0.0	259.2	39761.2261574074	992.0	40.017918139854366	116.34133735395245	1.0	-1.0	2008-11-09 05:25:00
2008-11-09 05:29:00	40.0176466	116.3414416	0.0	259.2	39761.2290162037	992.0	40.017918139854366	116.34133735395245	1.0	-1.0	2008-11-09 05:29:00
2008-11-09 05:51:00	40.0175749	116.34132414999999	0.0	267.35	39761.244004629596	992.0	40.017918139854366	116.34133735395245	1.0	-1.0	2008-11-09 05:51:00
2008-11-09 05:57:00	40.017455	116.3412649	0.0	351.0	39761.2480208333	992.0	40.017918139854366	116.34133735395245	1.0	-1.0	2008-11-09 05:57:00
2008-11-09 06:43:00	40.0175466	116.34132659999999	0.0	344.5	39761.2800694444	992.0	40.017918139854366	116.34133735395245	1.0	-1.0	2008-11-09 06:43:00
2008-11-09 06:52:00	40.0175166	116.3414166	0.0	390.4	39761.2865625	992.0	40.017918139854366	116.34133735395245	1.0	-1.0	2008-11-09 06:52:00
2008-11-09 06:53:00	40.01750495	116.34145660000001	0.0	426.5	39761.28703703705	992.0	40.017918139854366	116.34133735395245	1.0	-1.0	2008-11-09 06:53:00
2008-11-09 06:58:00	40.017621033333334	116.34147716666666	0.0	410.09999999999997	39761.2908294753	992.0	40.017918139854366	116.34133735395245	1.0	-1.0	2008-11-09 06:58:00
2008-11-09 06:59:00	40.0178016	116.34140159999998	0.0	403.5	39761.2909722222	992.0	40.017918139854366	116.34133735395245	1.0	-1.0	2008-11-09 06:59:00
2008-11-09 07:40:00	40.0177833	116.34150990000002	0.0	377.3	39761.3200231481	992.0	40.017918139854366	116.34133735395245	1.0	-1.0	2008-11-09 07:40:00
2008-11-09 07:53:00	40.0177433	116.3415916	0.0	426.5	39761.329039351804	992.0	40.017918139854366	116.34133735395245	1.0	-1.0	2008-11-09 07:53:00
2008-11-09 08:17:00	40.0177441	116.34170245000001	0.0	393.7	39761.3457349537	992.0	40.017918139854366	116.34133735395245	1.0	-1.0	2008-11-09 08:17:00
2008-11-09 08:18:00	40.01756429444444	116.34109706666666	0.0	382.2166666666667	39761.34626800412	992.0	40.017918139854366	116.34133735395245	1.0	-1.0	2008-11-09 08:18:00
2008-11-09 08:37:00	40.01471529285714	116.3396556785714	0.0	155.37857142857143	39761.35929563491	1229.0	40.0150062152381	116.33962051214284	1.0	-1.0	2008-11-09 08:37:00
2008-11-09 08:38:00	40.01513883333334	116.33949936666666	0.0	144.4	39761.36005401234	1229.0	40.0150062152381	116.33962051214284	1.0	-1.0	2008-11-09 08:38:00
2008-11-09 08:53:00	40.015245400000005	116.33975305714284	0.0	143.92857142857142	39761.37069609789	1229.0	40.0150062152381	116.33962051214284	1.0	-1.0	2008-11-09 08:53:00
2008-11-09 08:55:00	40.017941175000004	116.341448275	0.0	134.5	39761.371649305576	992.0	40.017918139854366	116.34133735395245	1.0	-1.0	2008-11-09 08:55:00
2008-11-09 10:42:00	40.017913674999996	116.341420775	0.0	136.97500000000002	39761.44641493055	992.0	40.017918139854366	116.34133735395245	1.0	-1.0	2008-11-09 10:42:00
2008-11-09 10:43:00	40.01800010909091	116.3410147909091	0.0	137.2	39761.4467824074	992.0	40.017918139854366	116.34133735395245	1.0	-1.0	2008-11-09 10:43:00
2008-11-09 12:21:00	40.017985575	116.3412939	0.0	152.96250000000003	39761.514814814785	992.0	40.017918139854366	116.34133735395245	1.0	-1.0	2008-11-09 12:21:00
2008-11-09 13:45:00	40.0178566	116.3413908	0.0	149.25	39761.5732060185	992.0	40.017918139854366	116.34133735395245	1.0	-1.0	2008-11-09 13:45:00
2008-11-09 13:46:00	40.0179133	116.34146329999999	0.0	147.6	39761.5736805556	992.0	40.017918139854366	116.34133735395245	1.0	-1.0	2008-11-09 13:46:00
2008-11-09 23:57:00	40.01784489999999	116.3416633	0.0	144.4	39761.998449074104	992.0	40.017918139854366	116.34133735395245	1.0	-1.0	2008-11-09 23:57:00
2008-11-09 23:58:00	40.0179636875	116.34133118749999	0.0	144.4	39761.998923611114	992.0	40.017918139854366	116.34133735395245	1.0	-1.0	2008-11-09 23:58:00
2008-11-10 00:40:00	39.9671391	116.40959745	0.0	182.05	39762.02785300925	1494.0	39.96706540625001	116.40993425	1.0	-1.0	2008-11-10 00:40:00
2008-11-10 01:14:00	39.96712	116.40973659999999	0.0	167.3	39762.0513888889	1494.0	39.96706540625001	116.40993425	1.0	-1.0	2008-11-10 01:14:00
2008-11-10 01:36:00	39.9671316	116.40982659999999	0.0	95.1	39762.0667013889	1494.0	39.96706540625001	116.40993425	1.0	-1.0	2008-11-10 01:36:00
2008-11-10 01:43:00	39.9671266	116.4099308	0.0	95.1	39762.07219907405	1494.0	39.96706540625001	116.40993425	1.0	-1.0	2008-11-10 01:43:00
2008-11-10 02:01:00	39.9231693375	116.34883869999999	0.0	203.81250000000003	39762.08427517359	944.0	39.92321145109032	116.3487967227475	1.0	-1.0	2008-11-10 02:01:00
2008-11-10 02:27:00	39.923213016666665	116.34884218333333	0.0	207.25	39762.10260223765	944.0	39.92321145109032	116.3487967227475	1.0	-1.0	2008-11-10 02:27:00
2008-11-10 02:43:00	39.881815033333325	116.37259059444445	0.0	164.76666666666665	39762.113412422834	1150.0	39.881798662499996	116.37269423055555	1.0	-1.0	2008-11-10 02:43:00
2008-11-10 03:22:00	39.88178229166667	116.37279786666666	0.0	168.12499999999997	39762.140829475306	1150.0	39.881798662499996	116.37269423055555	1.0	-1.0	2008-11-10 03:22:00
2008-11-10 09:24:00	40.0148166	116.33958328333334	0.0	119.47500000000002	39762.39183641976	1229.0	40.0150062152381	116.33962051214284	1.0	-1.0	2008-11-10 09:24:00
2008-11-10 09:41:00	40.01511495	116.339611175	0.0	124.7	39762.40408564815	1229.0	40.0150062152381	116.33962051214284	1.0	-1.0	2008-11-10 09:41:00
2008-11-10 09:43:00	40.017947316666664	116.34113066666664	0.0	128.53333333333333	39762.40518132719	992.0	40.017918139854366	116.34133735395245	1.0	-1.0	2008-11-10 09:43:00
2008-11-10 11:21:00	40.01789995	116.34143915	0.0	134.5	39762.47355902775	992.0	40.017918139854366	116.34133735395245	1.0	-1.0	2008-11-10 11:21:00
2008-11-10 11:22:00	40.01762086666666	116.3415354888889	0.0	137.06666666666666	39762.473872170776	992.0	40.017918139854366	116.34133735395245	1.0	-1.0	2008-11-10 11:22:00
2008-11-10 11:23:00	40.01783692	116.34133093999999	0.0	137.8	39762.474518518495	992.0	40.017918139854366	116.34133735395245	1.0	-1.0	2008-11-10 11:23:00
2008-11-10 11:24:00	40.0180283	116.34123999999998	0.0	137.8	39762.4754166667	992.0	40.017918139854366	116.34133735395245	1.0	-1.0	2008-11-10 11:24:00
2008-11-10 11:25:00	40.01793215	116.34134633333333	0.0	141.1	39762.47607060185	992.0	40.017918139854366	116.34133735395245	1.0	-1.0	2008-11-10 11:25:00
2008-11-10 11:30:00	40.0180033	116.34120829999999	0.0	141.1	39762.479409722204	992.0	40.017918139854366	116.34133735395245	1.0	-1.0	2008-11-10 11:30:00
2008-11-10 11:41:00	40.0178816	116.3413683	0.0	137.8	39762.4871759259	992.0	40.017918139854366	116.34133735395245	1.0	-1.0	2008-11-10 11:41:00
2008-11-10 11:45:00	40.01765196	116.34128494	0.0	137.8	39762.4900949074	992.0	40.017918139854366	116.34133735395245	1.0	-1.0	2008-11-10 11:45:00
2008-11-10 12:09:00	40.0180083	116.34110829999999	0.0	134.5	39762.5068287037	992.0	40.017918139854366	116.34133735395245	1.0	-1.0	2008-11-10 12:09:00
2008-11-10 12:10:00	40.017943833333334	116.34118996666666	0.0	134.5	39762.507125771604	992.0	40.017918139854366	116.34133735395245	1.0	-1.0	2008-11-10 12:10:00
2008-11-10 12:14:00	40.0178674	116.34131075	0.0	134.5	39762.5101851852	992.0	40.017918139854366	116.34133735395245	1.0	-1.0	2008-11-10 12:14:00
2008-11-10 12:27:00	40.018018299999994	116.34129665	0.0	134.5	39762.5192013889	992.0	40.017918139854366	116.34133735395245	1.0	-1.0	2008-11-10 12:27:00
2008-11-10 12:31:00	40.018244100000004	116.3414633	0.0	134.5	39762.5218402778	992.0	40.017918139854366	116.34133735395245	1.0	-1.0	2008-11-10 12:31:00
2008-11-10 12:32:00	40.018313299999996	116.34145	0.0	134.5	39762.5223958333	992.0	40.017918139854366	116.34133735395245	1.0	-1.0	2008-11-10 12:32:00
2008-11-10 12:35:00	40.01814493333333	116.34125606666667	0.0	134.5	39762.52478009261	992.0	40.017918139854366	116.34133735395245	1.0	-1.0	2008-11-10 12:35:00
2008-11-10 12:36:00	40.0179783	116.3413166	0.0	134.5	39762.5250115741	992.0	40.017918139854366	116.34133735395245	1.0	-1.0	2008-11-10 12:36:00
2008-11-10 12:46:00	40.018018299999994	116.34140659999998	0.0	134.5	39762.5326273148	992.0	40.017918139854366	116.34133735395245	1.0	-1.0	2008-11-10 12:46:00
2008-11-10 12:47:00	40.0180833	116.3414866	0.0	134.5	39762.5327199074	992.0	40.017918139854366	116.34133735395245	1.0	-1.0	2008-11-10 12:47:00
2008-11-10 12:48:00	40.0180166	116.34141329999999	0.0	131.2	39762.533912037004	992.0	40.017918139854366	116.34133735395245	1.0	-1.0	2008-11-10 12:48:00
2008-11-10 12:49:00	40.017953299999995	116.34133075	0.0	131.2	39762.5346122685	992.0	40.017918139854366	116.34133735395245	1.0	-1.0	2008-11-10 12:49:00
2008-11-10 12:50:00	40.0179416	116.3411649	0.0	131.2	39762.5352430556	992.0	40.017918139854366	116.34133735395245	1.0	-1.0	2008-11-10 12:50:00
2008-11-10 12:53:00	40.01783495	116.34130075000002	0.0	128.0	39762.537245370346	992.0	40.017918139854366	116.34133735395245	1.0	-1.0	2008-11-10 12:53:00
2008-11-10 12:54:00	40.0179033	116.34127659999999	0.0	124.7	39762.537650463	992.0	40.017918139854366	116.34133735395245	1.0	-1.0	2008-11-10 12:54:00
2008-11-10 12:56:00	40.0179566	116.34134990000001	0.0	124.7	39762.5392013889	992.0	40.017918139854366	116.34133735395245	1.0	-1.0	2008-11-10 12:56:00
2008-11-10 12:57:00	40.01781995	116.34138164999999	0.0	124.7	39762.54013310185	992.0	40.017918139854366	116.34133735395245	1.0	-1.0	2008-11-10 12:57:00
2008-11-10 13:02:00	40.0178716	116.3413649	0.0	124.7	39762.5436458333	992.0	40.017918139854366	116.34133735395245	1.0	-1.0	2008-11-10 13:02:00
2008-11-10 13:03:00	40.01796325	116.34125494999999	0.0	124.7	39762.5439699074	992.0	40.017918139854366	116.34133735395245	1.0	-1.0	2008-11-10 13:03:00
2008-11-10 13:08:00	40.0178583	116.34121245	0.0	124.7	39762.54777199075	992.0	40.017918139854366	116.34133735395245	1.0	-1.0	2008-11-10 13:08:00
2008-11-10 13:12:00	40.017869950000005	116.34108285	0.0	124.7	39762.55032986113	992.0	40.017918139854366	116.34133735395245	1.0	-1.0	2008-11-10 13:12:00
2008-11-11 09:32:00	40.01796827857142	116.34116924285715	0.0	119.27857142857144	39763.39752480156	992.0	40.017918139854366	116.34133735395245	1.0	-1.0	2008-11-11 09:32:00
2008-11-11 09:33:00	40.017893275	116.34113745	0.0	124.7	39763.39832465277	992.0	40.017918139854366	116.34133735395245	1.0	-1.0	2008-11-11 09:33:00
2008-11-11 09:34:00	40.01789829999999	116.3410383	0.0	124.7	39763.3986226852	992.0	40.017918139854366	116.34133735395245	1.0	-1.0	2008-11-11 09:34:00
2008-11-11 09:43:00	40.017794933333334	116.3409194	0.0	121.40000000000002	39763.40501157406	992.0	40.017918139854366	116.34133735395245	1.0	-1.0	2008-11-11 09:43:00
2008-11-11 09:46:00	40.01782	116.3411208	0.0	126.3	39763.407436342604	992.0	40.017918139854366	116.34133735395245	1.0	-1.0	2008-11-11 09:46:00
2008-11-11 09:48:00	40.017908299999995	116.34123159999999	0.0	131.2	39763.4089351852	992.0	40.017918139854366	116.34133735395245	1.0	-1.0	2008-11-11 09:48:00
2008-11-11 09:50:00	40.0180333	116.3411633	0.0	128.0	39763.410052083345	992.0	40.017918139854366	116.34133735395245	1.0	-1.0	2008-11-11 09:50:00
2008-11-11 09:51:00	40.01811051666666	116.34100273333331	0.0	111.03333333333335	39763.41096064815	992.0	40.017918139854366	116.34133735395245	1.0	-1.0	2008-11-11 09:51:00
2008-11-11 09:56:00	40.017928299999994	116.34126744999998	0.0	124.7	39763.414525463	992.0	40.017918139854366	116.34133735395245	1.0	-1.0	2008-11-11 09:56:00
2008-11-11 09:59:00	40.017973299999994	116.34128490000002	0.0	124.7	39763.4165625	992.0	40.017918139854366	116.34133735395245	1.0	-1.0	2008-11-11 09:59:00
2008-11-11 10:00:00	40.0180616	116.34125159999998	0.0	124.7	39763.417037037005	992.0	40.017918139854366	116.34133735395245	1.0	-1.0	2008-11-11 10:00:00
2008-11-11 10:02:00	40.01796829999999	116.34123659999999	0.0	121.4	39763.4182523148	992.0	40.017918139854366	116.34133735395245	1.0	-1.0	2008-11-11 10:02:00
2008-11-11 10:03:00	40.01774546666666	116.34119716666665	0.0	121.40000000000002	39763.419351851866	992.0	40.017918139854366	116.34133735395245	1.0	-1.0	2008-11-11 10:03:00
2008-11-11 10:04:00	40.017806842857134	116.34115732857143	0.0	124.70000000000002	39763.41990740741	992.0	40.017918139854366	116.34133735395245	1.0	-1.0	2008-11-11 10:04:00
2008-11-11 10:12:00	40.0176574375	116.341121825	0.0	91.05	39763.42529079862	992.0	40.017918139854366	116.34133735395245	1.0	-1.0	2008-11-11 10:12:00
2008-11-11 10:14:00	40.017850466666665	116.34118439999999	0.0	114.8	39763.426836419734	992.0	40.017918139854366	116.34133735395245	1.0	-1.0	2008-11-11 10:14:00
2008-11-11 10:15:00	40.01793245	116.34110749999999	0.0	114.8	39763.42717013885	992.0	40.017918139854366	116.34133735395245	1.0	-1.0	2008-11-11 10:15:00
2008-11-11 10:36:00	40.01796829999999	116.3415499	0.0	114.8	39763.4423148148	992.0	40.017918139854366	116.34133735395245	1.0	-1.0	2008-11-11 10:36:00
2008-11-11 10:37:00	40.01799326666667	116.34147496666667	0.0	114.8	39763.44255015434	992.0	40.017918139854366	116.34133735395245	1.0	-1.0	2008-11-11 10:37:00
2008-11-11 10:46:00	40.01808383333333	116.34126993333332	0.0	114.8	39763.448873456764	992.0	40.017918139854366	116.34133735395245	1.0	-1.0	2008-11-11 10:46:00
2008-11-11 10:49:00	40.01789829999999	116.34123329999998	0.0	114.8	39763.450844907406	992.0	40.017918139854366	116.34133735395245	1.0	-1.0	2008-11-11 10:49:00
2008-11-11 10:54:00	40.01752113	116.34092378	0.0	114.79999999999998	39763.45457523147	992.0	40.017918139854366	116.34133735395245	1.0	-1.0	2008-11-11 10:54:00
2008-11-11 10:55:00	40.017627579999996	116.3410926	0.0	114.8	39763.45498148148	992.0	40.017918139854366	116.34133735395245	1.0	-1.0	2008-11-11 10:55:00
2008-11-11 11:01:00	40.01777489999999	116.34125664999999	0.0	114.8	39763.459427083304	992.0	40.017918139854366	116.34133735395245	1.0	-1.0	2008-11-11 11:01:00
2008-11-11 11:02:00	40.0177349	116.3413149	0.0	114.8	39763.4603240741	992.0	40.017918139854366	116.34133735395245	1.0	-1.0	2008-11-11 11:02:00
2008-11-11 11:03:00	40.017699900000004	116.34123159999999	0.0	114.8	39763.4604976852	992.0	40.017918139854366	116.34133735395245	1.0	-1.0	2008-11-11 11:03:00
2008-11-11 11:04:00	40.017891600000006	116.34130659999998	0.0	114.8	39763.4612268518	992.0	40.017918139854366	116.34133735395245	1.0	-1.0	2008-11-11 11:04:00
2008-11-11 11:07:00	40.0179816	116.34131000000001	0.0	114.8	39763.463298611096	992.0	40.017918139854366	116.34133735395245	1.0	-1.0	2008-11-11 11:07:00
2008-11-11 11:09:00	40.0180066	116.3412233	0.0	114.8	39763.4650115741	992.0	40.017918139854366	116.34133735395245	1.0	-1.0	2008-11-11 11:09:00
2008-11-11 11:10:00	40.017973299999994	116.3413116	0.0	114.8	39763.465902777796	992.0	40.017918139854366	116.34133735395245	1.0	-1.0	2008-11-11 11:10:00
2008-11-11 11:13:00	40.0180266	116.34138659999999	0.0	114.8	39763.4677546296	992.0	40.017918139854366	116.34133735395245	1.0	-1.0	2008-11-11 11:13:00
2008-11-11 11:14:00	40.01794829999999	116.34134159999999	0.0	114.8	39763.4686458333	992.0	40.017918139854366	116.34133735395245	1.0	-1.0	2008-11-11 11:14:00
2008-11-11 11:16:00	40.017964899999996	116.3412483	0.0	114.8	39763.469675925895	992.0	40.017918139854366	116.34133735395245	1.0	-1.0	2008-11-11 11:16:00
2008-11-11 11:17:00	40.0180616	116.3412483	0.0	114.8	39763.470717592594	992.0	40.017918139854366	116.34133735395245	1.0	-1.0	2008-11-11 11:17:00
2008-11-11 11:18:00	40.0179055	116.34137720000001	0.0	117.0	39763.470941358035	992.0	40.017918139854366	116.34133735395245	1.0	-1.0	2008-11-11 11:18:00
2008-11-11 11:20:00	40.01772995	116.34133245000001	0.0	114.8	39763.4725115741	992.0	40.017918139854366	116.34133735395245	1.0	-1.0	2008-11-11 11:20:00
2008-11-11 11:21:00	40.01782995	116.34126574999999	0.0	114.8	39763.4735474537	992.0	40.017918139854366	116.34133735395245	1.0	-1.0	2008-11-11 11:21:00
2008-11-11 11:22:00	40.01811684285714	116.34103900000001	0.0	117.62857142857145	39763.47381448413	992.0	40.017918139854366	116.34133735395245	1.0	-1.0	2008-11-11 11:22:00
2008-11-11 11:23:00	40.0182316	116.3409299	0.0	118.1	39763.4744907407	992.0	40.017918139854366	116.34133735395245	1.0	-1.0	2008-11-11 11:23:00
2008-11-11 11:25:00	40.01804966666667	116.34123856666668	0.0	118.10000000000001	39763.47605516973	992.0	40.017918139854366	116.34133735395245	1.0	-1.0	2008-11-11 11:25:00
2008-11-12 02:30:00	40.01786075	116.34146494999999	0.0	114.8	39764.10467013885	992.0	40.017918139854366	116.34133735395245	1.0	-1.0	2008-11-12 02:30:00
2008-11-12 02:31:00	40.0178333	116.3413783	0.0	111.5	39764.1050231481	992.0	40.017918139854366	116.34133735395245	1.0	-1.0	2008-11-12 02:31:00
2008-11-12 02:32:00	40.0178999	116.34130490000001	0.0	111.5	39764.1060763889	992.0	40.017918139854366	116.34133735395245	1.0	-1.0	2008-11-12 02:32:00
2008-11-12 02:33:00	40.018000959999995	116.34148794000002	0.0	111.5	39764.10659722222	992.0	40.017918139854366	116.34133735395245	1.0	-1.0	2008-11-12 02:33:00
2008-11-12 02:34:00	40.0179216	116.34133329999999	0.0	111.5	39764.1074884259	992.0	40.017918139854366	116.34133735395245	1.0	-1.0	2008-11-12 02:34:00
2008-11-12 02:43:00	40.017998266666666	116.34151273333333	0.0	111.5	39764.11348379633	992.0	40.017918139854366	116.34133735395245	1.0	-1.0	2008-11-12 02:43:00
2008-11-12 02:52:00	40.01795495	116.34146745	0.0	111.5	39764.119728009246	992.0	40.017918139854366	116.34133735395245	1.0	-1.0	2008-11-12 02:52:00
2008-11-12 02:55:00	40.0179499	116.34133159999999	0.0	114.8	39764.121724537	992.0	40.017918139854366	116.34133735395245	1.0	-1.0	2008-11-12 02:55:00
2008-11-12 03:01:00	40.017891600000006	116.3412533	0.0	114.8	39764.1259722222	992.0	40.017918139854366	116.34133735395245	1.0	-1.0	2008-11-12 03:01:00
2008-11-12 03:04:00	40.01798323333333	116.34151609999999	0.0	113.7	39764.1279050926	992.0	40.017918139854366	116.34133735395245	1.0	-1.0	2008-11-12 03:04:00
2008-11-12 03:08:00	40.0179316	116.3412783	0.0	111.5	39764.131226851896	992.0	40.017918139854366	116.34133735395245	1.0	-1.0	2008-11-12 03:08:00
2008-11-12 03:09:00	40.0181149	116.3417733	0.0	226.4	39764.1318287037	992.0	40.017918139854366	116.34133735395245	1.0	-1.0	2008-11-12 03:09:00
2008-11-12 03:10:00	40.018050325000004	116.34152535000001	0.0	117.275	39764.13219618055	992.0	40.017918139854366	116.34133735395245	1.0	-1.0	2008-11-12 03:10:00
2008-11-12 03:12:00	40.0179466	116.3413283	0.0	118.1	39764.1339467593	992.0	40.017918139854366	116.34133735395245	1.0	-1.0	2008-11-12 03:12:00
2008-11-12 03:15:00	40.017886600000004	116.34139990000001	0.0	118.1	39764.136018518504	992.0	40.017918139854366	116.34133735395245	1.0	-1.0	2008-11-12 03:15:00
2008-11-12 03:16:00	40.01794495	116.34157825	0.0	118.1	39764.13615162035	992.0	40.017918139854366	116.34133735395245	1.0	-1.0	2008-11-12 03:16:00
2008-11-12 03:18:00	40.01803660000001	116.34154213333333	0.0	118.09999999999998	39764.13779320986	992.0	40.017918139854366	116.34133735395245	1.0	-1.0	2008-11-12 03:18:00
2008-11-12 03:19:00	40.0179749	116.3413649	0.0	118.1	39764.1382175926	992.0	40.017918139854366	116.34133735395245	1.0	-1.0	2008-11-12 03:19:00
2008-11-12 03:20:00	40.017911600000005	116.34129990000001	0.0	118.1	39764.1392708333	992.0	40.017918139854366	116.34133735395245	1.0	-1.0	2008-11-12 03:20:00
2008-11-12 03:21:00	40.0179474	116.34135995	0.0	119.75	39764.1397511574	992.0	40.017918139854366	116.34133735395245	1.0	-1.0	2008-11-12 03:21:00
2008-11-12 03:23:00	40.018041600000004	116.3414433	0.0	121.4	39764.1416087963	992.0	40.017918139854366	116.34133735395245	1.0	-1.0	2008-11-12 03:23:00
2008-11-12 03:24:00	40.0180533	116.34153329999998	0.0	121.4	39764.1416666667	992.0	40.017918139854366	116.34133735395245	1.0	-1.0	2008-11-12 03:24:00
2008-11-12 03:25:00	40.01818023333333	116.34149881666667	0.0	121.39999999999999	39764.14266589505	992.0	40.017918139854366	116.34133735395245	1.0	-1.0	2008-11-12 03:25:00
2008-11-12 03:26:00	40.0180474	116.34170495	0.0	121.4	39764.143153935154	992.0	40.017918139854366	116.34133735395245	1.0	-1.0	2008-11-12 03:26:00
2008-11-12 03:27:00	40.017968249999996	116.34154990000002	0.0	121.4	39764.144322916705	992.0	40.017918139854366	116.34133735395245	1.0	-1.0	2008-11-12 03:27:00
2008-11-12 03:28:00	40.018043299999995	116.34156329999999	0.0	118.1	39764.1449421296	992.0	40.017918139854366	116.34133735395245	1.0	-1.0	2008-11-12 03:28:00
2008-11-12 03:30:00	40.018021600000004	116.34147490000001	0.0	118.1	39764.1461689815	992.0	40.017918139854366	116.34133735395245	1.0	-1.0	2008-11-12 03:30:00
2008-11-12 03:31:00	40.01809075	116.34160075	0.0	118.1	39764.14663773145	992.0	40.017918139854366	116.34133735395245	1.0	-1.0	2008-11-12 03:31:00
2008-11-12 03:32:00	40.01809383333333	116.34165049999997	0.0	118.09999999999998	39764.1477160494	992.0	40.017918139854366	116.34133735395245	1.0	-1.0	2008-11-12 03:32:00
2008-11-12 03:34:00	40.0181341	116.34163240000001	0.0	121.4	39764.148923611094	992.0	40.017918139854366	116.34133735395245	1.0	-1.0	2008-11-12 03:34:00
2008-11-12 03:36:00	40.017959399999995	116.34144993333332	0.0	121.40000000000002	39764.1500462963	992.0	40.017918139854366	116.34133735395245	1.0	-1.0	2008-11-12 03:36:00
2008-11-12 03:37:00	40.017891600000006	116.34145	0.0	121.4	39764.1509606481	992.0	40.017918139854366	116.34133735395245	1.0	-1.0	2008-11-12 03:37:00
2008-11-12 03:38:00	40.0179633	116.34151329999999	0.0	121.4	39764.1517592593	992.0	40.017918139854366	116.34133735395245	1.0	-1.0	2008-11-12 03:38:00
2008-11-12 03:39:00	40.017682	116.34100014117644	0.0	122.37058823529415	39764.15250408497	992.0	40.017918139854366	116.34133735395245	1.0	-1.0	2008-11-12 03:39:00
2008-11-13 03:13:00	39.94454103333333	116.36108943333335	0.0	214.36666666666667	39765.13406249997	1336.0	39.94459433412698	116.36119501507937	1.0	-1.0	2008-11-13 03:13:00
2008-11-13 03:18:00	39.944545	116.36130159999998	0.0	213.3	39765.1378587963	1336.0	39.94459433412698	116.36119501507937	1.0	-1.0	2008-11-13 03:18:00
2008-11-13 03:20:00	39.9446049	116.36122160000001	0.0	213.3	39765.1392361111	1336.0	39.94459433412698	116.36119501507937	1.0	-1.0	2008-11-13 03:20:00
2008-11-13 03:23:00	39.9446766	116.36115330000001	0.0	213.3	39765.1413425926	1336.0	39.94459433412698	116.36119501507937	1.0	-1.0	2008-11-13 03:23:00
2008-11-13 03:24:00	39.9445833	116.36115659999999	0.0	216.5	39765.1416898148	1336.0	39.94459433412698	116.36119501507937	1.0	-1.0	2008-11-13 03:24:00
2008-11-13 03:50:00	39.944615171428566	116.36124755714286	0.0	219.79999999999998	39765.16024470898	1336.0	39.94459433412698	116.36119501507937	1.0	-1.0	2008-11-13 03:50:00
2008-11-13 04:03:00	39.9245549	116.34725159999998	0.0	173.9	39765.1690046296	1346.0	39.92455883333333	116.34734273333333	1.0	-1.0	2008-11-13 04:03:00
2008-11-13 04:36:00	39.9245833	116.3473416	0.0	134.5	39765.191724537	1346.0	39.92455883333333	116.34734273333333	1.0	-1.0	2008-11-13 04:36:00
2008-11-13 04:49:00	39.924538299999995	116.347435	0.0	114.8	39765.2010648148	1346.0	39.92455883333333	116.34734273333333	1.0	-1.0	2008-11-13 04:49:00
2008-11-13 04:59:00	39.9234266	116.34862659999999	0.0	157.5	39765.2076967593	944.0	39.92321145109032	116.3487967227475	1.0	-1.0	2008-11-13 04:59:00
2008-11-13 05:00:00	39.92313626	116.34860093999998	0.0	157.5	39765.2086851852	944.0	39.92321145109032	116.3487967227475	1.0	-1.0	2008-11-13 05:00:00
2008-11-13 05:03:00	39.923191599999996	116.348642875	0.0	154.2	39765.210622106475	944.0	39.92321145109032	116.3487967227475	1.0	-1.0	2008-11-13 05:03:00
2008-11-13 05:04:00	39.923368266666664	116.34891106666664	0.0	154.2	39765.2116743827	944.0	39.92321145109032	116.3487967227475	1.0	-1.0	2008-11-13 05:04:00
2008-11-13 05:07:00	39.923465775	116.34900952500001	0.0	157.5	39765.213425925926	944.0	39.92321145109032	116.3487967227475	1.0	-1.0	2008-11-13 05:07:00
2008-11-13 05:08:00	39.923519899999995	116.3486966	0.0	157.5	39765.213912037005	944.0	39.92321145109032	116.3487967227475	1.0	-1.0	2008-11-13 05:08:00
2008-11-13 05:10:00	39.92341705	116.34886995	0.0	157.5	39765.21574074073	944.0	39.92321145109032	116.3487967227475	1.0	-1.0	2008-11-13 05:10:00
2008-11-13 05:11:00	39.9230547	116.34857755714286	0.0	157.5	39765.216147486775	944.0	39.92321145109032	116.3487967227475	1.0	-1.0	2008-11-13 05:11:00
2008-11-13 05:12:00	39.9230266	116.3485783	0.0	157.5	39765.2171412037	944.0	39.92321145109032	116.3487967227475	1.0	-1.0	2008-11-13 05:12:00
2008-11-13 05:14:00	39.922940000000004	116.34853329999999	0.0	157.5	39765.2186689815	944.0	39.92321145109032	116.3487967227475	1.0	-1.0	2008-11-13 05:14:00
2008-11-13 06:02:00	39.91697428	116.33880160000001	0.0	177.2	39765.25174537035	1371.0	39.9169786325	116.33905001874999	1.0	-1.0	2008-11-13 06:02:00
2008-11-13 06:05:00	39.9169566	116.33891499999999	0.0	173.9	39765.2536458333	1371.0	39.9169786325	116.33905001874999	1.0	-1.0	2008-11-13 06:05:00
2008-11-13 06:13:00	39.9169533	116.339005	0.0	173.9	39765.2596527778	1371.0	39.9169786325	116.33905001874999	1.0	-1.0	2008-11-13 06:13:00
2008-11-13 06:19:00	39.91703034999999	116.33947847499999	0.0	172.24999999999997	39765.26378327546	1371.0	39.9169786325	116.33905001874999	1.0	-1.0	2008-11-13 06:19:00
2008-11-13 06:42:00	39.8456677	116.37336826666666	0.0	109.89999999999999	39765.27926118826	1394.0	39.84548826666667	116.37327271354171	1.0	-1.0	2008-11-13 06:42:00
2008-11-13 06:45:00	39.8454132	116.3731966	0.0	111.5	39765.2815625	1394.0	39.84548826666667	116.37327271354171	1.0	-1.0	2008-11-13 06:45:00
2008-11-13 06:48:00	39.845307133333336	116.3730672	0.0	111.5	39765.28384645064	1394.0	39.84548826666667	116.37327271354171	1.0	-1.0	2008-11-13 06:48:00
2008-11-13 06:51:00	39.8453649	116.3731449	0.0	111.5	39765.2856481481	1394.0	39.84548826666667	116.37327271354171	1.0	-1.0	2008-11-13 06:51:00
2008-11-13 06:54:00	39.8453966	116.37323490000001	0.0	111.5	39765.287962963	1394.0	39.84548826666667	116.37327271354171	1.0	-1.0	2008-11-13 06:54:00
2008-11-13 09:11:00	39.96547691666667	116.40987103333333	0.0	205.6	39765.38283179011	1445.0	39.965502129166666	116.40971273333332	1.0	-1.0	2008-11-13 09:11:00
2008-11-13 09:12:00	39.965284999999994	116.4098183	0.0	196.9	39765.3836111111	1445.0	39.965502129166666	116.40971273333332	1.0	-1.0	2008-11-13 09:12:00
2008-11-13 09:18:00	39.9655016	116.40967659999998	0.0	154.2	39765.3878819444	1445.0	39.965502129166666	116.40971273333332	1.0	-1.0	2008-11-13 09:18:00
2008-11-13 09:36:00	39.965745	116.409485	0.0	147.6	39765.400625	1445.0	39.965502129166666	116.40971273333332	1.0	-1.0	2008-11-13 09:36:00
2008-11-13 09:49:00	39.9660533	116.40970159999998	0.0	121.4	39765.4095833333	1446.0	39.96609282	116.4096441225	1.0	-1.0	2008-11-13 09:49:00
2008-11-13 09:57:00	39.966285799999994	116.40964495	0.0	27.9	39765.4150289352	1446.0	39.96609282	116.4096441225	1.0	-1.0	2008-11-13 09:57:00
2008-11-13 09:59:00	39.966144899999996	116.40963329999998	0.0	16.4	39765.416099537004	1446.0	39.96609282	116.4096441225	1.0	-1.0	2008-11-13 09:59:00
2008-11-13 10:01:00	39.96588728	116.40959663999999	0.0	23.0	39765.417537037036	1446.0	39.96609282	116.4096441225	1.0	-1.0	2008-11-13 10:01:00
2008-11-14 01:46:00	39.9670341	116.4098933	0.0	137.8	39766.0737847222	1494.0	39.96706540625001	116.40993425	1.0	-1.0	2008-11-14 01:46:00
2008-11-14 02:02:00	39.966885	116.4101399	0.0	118.1	39766.0848148148	1494.0	39.96706540625001	116.40993425	1.0	-1.0	2008-11-14 02:02:00
2008-11-14 02:07:00	39.9670477	116.4100994	0.0	118.09999999999998	39766.08864583333	1494.0	39.96706540625001	116.40993425	1.0	-1.0	2008-11-14 02:07:00
2008-11-14 02:12:00	39.96703914999999	116.41024994999998	0.0	118.1	39766.091753472196	1494.0	39.96706540625001	116.40993425	1.0	-1.0	2008-11-14 02:12:00
2008-11-14 02:35:00	39.92308864444445	116.34831697777776	0.0	168.03333333333333	39766.10792695473	944.0	39.92321145109032	116.3487967227475	1.0	-1.0	2008-11-14 02:35:00
2008-11-14 02:36:00	39.92317163333334	116.34871106666667	0.0	170.6	39766.10841049383	944.0	39.92321145109032	116.3487967227475	1.0	-1.0	2008-11-14 02:36:00
2008-11-14 02:48:00	39.923352875	116.34897955	0.0	169.77499999999998	39766.117170138896	944.0	39.92321145109032	116.3487967227475	1.0	-1.0	2008-11-14 02:48:00
2008-11-14 02:49:00	39.92325245000001	116.349126575	0.0	169.775	39766.11786747685	944.0	39.92321145109032	116.3487967227475	1.0	-1.0	2008-11-14 02:49:00
2008-11-14 02:52:00	39.92240718333334	116.34569133333333	0.0	165.1	39766.1197202932	1520.0	39.92239774166667	116.34553146666667	1.0	-1.0	2008-11-14 02:52:00
2008-11-14 03:02:00	39.922388299999994	116.34537160000001	0.0	164.0	39766.1267592593	1520.0	39.92239774166667	116.34553146666667	1.0	-1.0	2008-11-14 03:02:00
2008-11-14 06:49:00	39.96721960000001	116.38050596000001	0.0	191.61999999999998	39766.28413078705	1594.0	39.967274833333335	116.38012308666667	1.0	-1.0	2008-11-14 06:49:00
2008-11-14 06:51:00	39.9673283	116.37995330000001	0.0	190.3	39766.2856481481	1594.0	39.967274833333335	116.38012308666667	1.0	-1.0	2008-11-14 06:51:00
2008-11-14 07:28:00	39.9672766	116.37991000000001	0.0	226.4	39766.3111689815	1594.0	39.967274833333335	116.38012308666667	1.0	-1.0	2008-11-14 07:28:00
