	(18-19)-1.0	(18-19)-2.0	(18-19)-3.0	(18-19)-4.0	(18-19)-5.0	(18-19)-6.0	(18-19)-7.0	(18-19)-8.0	(18-19)-9.0	(18-19)-10.0	(18-19)-11.0	(18-19)-12.0	(18-19)-13.0	(18-19)-14.0	(18-19)-15.0	(18-19)-16.0	(18-19)-17.0	(18-19)-18.0	(18-19)-19.0	(18-19)-20.0	(18-19)-21.0	(18-19)-22.0	(18-19)-23.0	(18-19)-24.0	(18-19)-25.0	(18-19)-26.0	(18-19)-27.0	(18-19)-28.0	(18-19)-29.0	(18-19)-30.0	(18-19)-31.0	(18-19)-32.0	(18-19)-33.0	(18-19)-34.0	(18-19)-35.0	(18-19)-36.0	(18-19)-37.0	(18-19)-38.0	(18-19)-39.0	(18-19)-40.0	(18-19)-41.0	(18-19)-42.0	(18-19)-43.0	(18-19)-44.0	(18-19)-45.0	(18-19)-46.0	(18-19)-47.0	(18-19)-48.0	(18-19)-49.0	(18-19)-50.0	(18-19)-51.0	(18-19)-52.0	(18-19)-53.0	(18-19)-54.0	(18-19)-55.0
1.0	0.9998808930375408	2.205684490067813e-06	2.205684490067813e-06	2.205684490067813e-06	2.205684490067813e-06	2.205684490067813e-06	2.205684490067813e-06	2.205684490067813e-06	2.205684490067813e-06	2.205684490067813e-06	2.205684490067813e-06	2.205684490067813e-06	2.205684490067813e-06	2.205684490067813e-06	2.205684490067813e-06	2.205684490067813e-06	2.205684490067813e-06	2.205684490067813e-06	2.205684490067813e-06	2.205684490067813e-06	2.205684490067813e-06	2.205684490067813e-06	2.205684490067813e-06	2.205684490067813e-06	2.205684490067813e-06	2.205684490067813e-06	2.205684490067813e-06	2.205684490067813e-06	2.205684490067813e-06	2.205684490067813e-06	2.205684490067813e-06	2.205684490067813e-06	2.205684490067813e-06	2.205684490067813e-06	2.205684490067813e-06	2.205684490067813e-06	2.205684490067813e-06	2.205684490067813e-06	2.205684490067813e-06	2.205684490067813e-06	2.205684490067813e-06	2.205684490067813e-06	2.205684490067813e-06	2.205684490067813e-06	2.205684490067813e-06	2.205684490067813e-06	2.205684490067813e-06	2.205684490067813e-06	2.205684490067813e-06	2.205684490067813e-06	2.205684490067813e-06	2.205684490067813e-06	2.205684490067813e-06	2.205684490067813e-06	2.205684490067813e-06
2.0	0.24954682092305433	3.280293057085589e-05	3.280293057085589e-05	3.280293057085589e-05	3.280293057085589e-05	3.280293057085589e-05	3.280293057085589e-05	3.280293057085589e-05	3.280293057085589e-05	3.280293057085589e-05	3.280293057085589e-05	3.280293057085589e-05	3.280293057085589e-05	3.280293057085589e-05	3.280293057085589e-05	3.280293057085589e-05	3.280293057085589e-05	3.280293057085589e-05	3.280293057085589e-05	3.280293057085589e-05	3.280293057085589e-05	3.280293057085589e-05	3.280293057085589e-05	3.280293057085589e-05	3.280293057085589e-05	3.280293057085589e-05	3.280293057085589e-05	3.280293057085589e-05	3.280293057085589e-05	3.280293057085589e-05	3.280293057085589e-05	3.280293057085589e-05	3.280293057085589e-05	3.280293057085589e-05	3.280293057085589e-05	3.280293057085589e-05	3.280293057085589e-05	3.280293057085589e-05	3.280293057085589e-05	0.10696391809818018	0.6417835085890811	3.280293057085589e-05	3.280293057085589e-05	3.280293057085589e-05	3.280293057085589e-05	3.280293057085589e-05	3.280293057085589e-05	3.280293057085589e-05	3.280293057085589e-05	3.280293057085589e-05	3.280293057085589e-05	3.280293057085589e-05	3.280293057085589e-05	3.280293057085589e-05	3.280293057085589e-05
3.0	0.018181818181818157	0.018181818181818157	0.018181818181818157	0.018181818181818157	0.018181818181818157	0.018181818181818157	0.018181818181818157	0.018181818181818157	0.018181818181818157	0.018181818181818157	0.018181818181818157	0.018181818181818157	0.018181818181818157	0.018181818181818157	0.018181818181818157	0.018181818181818157	0.018181818181818157	0.018181818181818157	0.018181818181818157	0.018181818181818157	0.018181818181818157	0.018181818181818157	0.018181818181818157	0.018181818181818157	0.018181818181818157	0.018181818181818157	0.018181818181818157	0.018181818181818157	0.018181818181818157	0.018181818181818157	0.018181818181818157	0.018181818181818157	0.018181818181818157	0.018181818181818157	0.018181818181818157	0.018181818181818157	0.018181818181818157	0.018181818181818157	0.018181818181818157	0.018181818181818157	0.018181818181818157	0.018181818181818157	0.018181818181818157	0.018181818181818157	0.018181818181818157	0.018181818181818157	0.018181818181818157	0.018181818181818157	0.018181818181818157	0.018181818181818157	0.018181818181818157	0.018181818181818157	0.018181818181818157	0.018181818181818157	0.018181818181818157
4.0	0.018181818181818157	0.018181818181818157	0.018181818181818157	0.018181818181818157	0.018181818181818157	0.018181818181818157	0.018181818181818157	0.018181818181818157	0.018181818181818157	0.018181818181818157	0.018181818181818157	0.018181818181818157	0.018181818181818157	0.018181818181818157	0.018181818181818157	0.018181818181818157	0.018181818181818157	0.018181818181818157	0.018181818181818157	0.018181818181818157	0.018181818181818157	0.018181818181818157	0.018181818181818157	0.018181818181818157	0.018181818181818157	0.018181818181818157	0.018181818181818157	0.018181818181818157	0.018181818181818157	0.018181818181818157	0.018181818181818157	0.018181818181818157	0.018181818181818157	0.018181818181818157	0.018181818181818157	0.018181818181818157	0.018181818181818157	0.018181818181818157	0.018181818181818157	0.018181818181818157	0.018181818181818157	0.018181818181818157	0.018181818181818157	0.018181818181818157	0.018181818181818157	0.018181818181818157	0.018181818181818157	0.018181818181818157	0.018181818181818157	0.018181818181818157	0.018181818181818157	0.018181818181818157	0.018181818181818157	0.018181818181818157	0.018181818181818157
5.0	0.018181818181818157	0.018181818181818157	0.018181818181818157	0.018181818181818157	0.018181818181818157	0.018181818181818157	0.018181818181818157	0.018181818181818157	0.018181818181818157	0.018181818181818157	0.018181818181818157	0.018181818181818157	0.018181818181818157	0.018181818181818157	0.018181818181818157	0.018181818181818157	0.018181818181818157	0.018181818181818157	0.018181818181818157	0.018181818181818157	0.018181818181818157	0.018181818181818157	0.018181818181818157	0.018181818181818157	0.018181818181818157	0.018181818181818157	0.018181818181818157	0.018181818181818157	0.018181818181818157	0.018181818181818157	0.018181818181818157	0.018181818181818157	0.018181818181818157	0.018181818181818157	0.018181818181818157	0.018181818181818157	0.018181818181818157	0.018181818181818157	0.018181818181818157	0.018181818181818157	0.018181818181818157	0.018181818181818157	0.018181818181818157	0.018181818181818157	0.018181818181818157	0.018181818181818157	0.018181818181818157	0.018181818181818157	0.018181818181818157	0.018181818181818157	0.018181818181818157	0.018181818181818157	0.018181818181818157	0.018181818181818157	0.018181818181818157
6.0	0.018181818181818157	0.018181818181818157	0.018181818181818157	0.018181818181818157	0.018181818181818157	0.018181818181818157	0.018181818181818157	0.018181818181818157	0.018181818181818157	0.018181818181818157	0.018181818181818157	0.018181818181818157	0.018181818181818157	0.018181818181818157	0.018181818181818157	0.018181818181818157	0.018181818181818157	0.018181818181818157	0.018181818181818157	0.018181818181818157	0.018181818181818157	0.018181818181818157	0.018181818181818157	0.018181818181818157	0.018181818181818157	0.018181818181818157	0.018181818181818157	0.018181818181818157	0.018181818181818157	0.018181818181818157	0.018181818181818157	0.018181818181818157	0.018181818181818157	0.018181818181818157	0.018181818181818157	0.018181818181818157	0.018181818181818157	0.018181818181818157	0.018181818181818157	0.018181818181818157	0.018181818181818157	0.018181818181818157	0.018181818181818157	0.018181818181818157	0.018181818181818157	0.018181818181818157	0.018181818181818157	0.018181818181818157	0.018181818181818157	0.018181818181818157	0.018181818181818157	0.018181818181818157	0.018181818181818157	0.018181818181818157	0.018181818181818157
7.0	9.99460291442618e-06	9.99460291442618e-06	9.99460291442618e-06	9.99460291442618e-06	9.99460291442618e-06	9.99460291442618e-06	0.9994602914426179	9.99460291442618e-06	9.99460291442618e-06	9.99460291442618e-06	9.99460291442618e-06	9.99460291442618e-06	9.99460291442618e-06	9.99460291442618e-06	9.99460291442618e-06	9.99460291442618e-06	9.99460291442618e-06	9.99460291442618e-06	9.99460291442618e-06	9.99460291442618e-06	9.99460291442618e-06	9.99460291442618e-06	9.99460291442618e-06	9.99460291442618e-06	9.99460291442618e-06	9.99460291442618e-06	9.99460291442618e-06	9.99460291442618e-06	9.99460291442618e-06	9.99460291442618e-06	9.99460291442618e-06	9.99460291442618e-06	9.99460291442618e-06	9.99460291442618e-06	9.99460291442618e-06	9.99460291442618e-06	9.99460291442618e-06	9.99460291442618e-06	9.99460291442618e-06	9.99460291442618e-06	9.99460291442618e-06	9.99460291442618e-06	9.99460291442618e-06	9.99460291442618e-06	9.99460291442618e-06	9.99460291442618e-06	9.99460291442618e-06	9.99460291442618e-06	9.99460291442618e-06	9.99460291442618e-06	9.99460291442618e-06	9.99460291442618e-06	9.99460291442618e-06	9.99460291442618e-06	9.99460291442618e-06
8.0	0.018181818181818157	0.018181818181818157	0.018181818181818157	0.018181818181818157	0.018181818181818157	0.018181818181818157	0.018181818181818157	0.018181818181818157	0.018181818181818157	0.018181818181818157	0.018181818181818157	0.018181818181818157	0.018181818181818157	0.018181818181818157	0.018181818181818157	0.018181818181818157	0.018181818181818157	0.018181818181818157	0.018181818181818157	0.018181818181818157	0.018181818181818157	0.018181818181818157	0.018181818181818157	0.018181818181818157	0.018181818181818157	0.018181818181818157	0.018181818181818157	0.018181818181818157	0.018181818181818157	0.018181818181818157	0.018181818181818157	0.018181818181818157	0.018181818181818157	0.018181818181818157	0.018181818181818157	0.018181818181818157	0.018181818181818157	0.018181818181818157	0.018181818181818157	0.018181818181818157	0.018181818181818157	0.018181818181818157	0.018181818181818157	0.018181818181818157	0.018181818181818157	0.018181818181818157	0.018181818181818157	0.018181818181818157	0.018181818181818157	0.018181818181818157	0.018181818181818157	0.018181818181818157	0.018181818181818157	0.018181818181818157	0.018181818181818157
9.0	0.018181818181818157	0.018181818181818157	0.018181818181818157	0.018181818181818157	0.018181818181818157	0.018181818181818157	0.018181818181818157	0.018181818181818157	0.018181818181818157	0.018181818181818157	0.018181818181818157	0.018181818181818157	0.018181818181818157	0.018181818181818157	0.018181818181818157	0.018181818181818157	0.018181818181818157	0.018181818181818157	0.018181818181818157	0.018181818181818157	0.018181818181818157	0.018181818181818157	0.018181818181818157	0.018181818181818157	0.018181818181818157	0.018181818181818157	0.018181818181818157	0.018181818181818157	0.018181818181818157	0.018181818181818157	0.018181818181818157	0.018181818181818157	0.018181818181818157	0.018181818181818157	0.018181818181818157	0.018181818181818157	0.018181818181818157	0.018181818181818157	0.018181818181818157	0.018181818181818157	0.018181818181818157	0.018181818181818157	0.018181818181818157	0.018181818181818157	0.018181818181818157	0.018181818181818157	0.018181818181818157	0.018181818181818157	0.018181818181818157	0.018181818181818157	0.018181818181818157	0.018181818181818157	0.018181818181818157	0.018181818181818157	0.018181818181818157
10.0	0.018181818181818157	0.018181818181818157	0.018181818181818157	0.018181818181818157	0.018181818181818157	0.018181818181818157	0.018181818181818157	0.018181818181818157	0.018181818181818157	0.018181818181818157	0.018181818181818157	0.018181818181818157	0.018181818181818157	0.018181818181818157	0.018181818181818157	0.018181818181818157	0.018181818181818157	0.018181818181818157	0.018181818181818157	0.018181818181818157	0.018181818181818157	0.018181818181818157	0.018181818181818157	0.018181818181818157	0.018181818181818157	0.018181818181818157	0.018181818181818157	0.018181818181818157	0.018181818181818157	0.018181818181818157	0.018181818181818157	0.018181818181818157	0.018181818181818157	0.018181818181818157	0.018181818181818157	0.018181818181818157	0.018181818181818157	0.018181818181818157	0.018181818181818157	0.018181818181818157	0.018181818181818157	0.018181818181818157	0.018181818181818157	0.018181818181818157	0.018181818181818157	0.018181818181818157	0.018181818181818157	0.018181818181818157	0.018181818181818157	0.018181818181818157	0.018181818181818157	0.018181818181818157	0.018181818181818157	0.018181818181818157	0.018181818181818157
11.0	0.018181818181818157	0.018181818181818157	0.018181818181818157	0.018181818181818157	0.018181818181818157	0.018181818181818157	0.018181818181818157	0.018181818181818157	0.018181818181818157	0.018181818181818157	0.018181818181818157	0.018181818181818157	0.018181818181818157	0.018181818181818157	0.018181818181818157	0.018181818181818157	0.018181818181818157	0.018181818181818157	0.018181818181818157	0.018181818181818157	0.018181818181818157	0.018181818181818157	0.018181818181818157	0.018181818181818157	0.018181818181818157	0.018181818181818157	0.018181818181818157	0.018181818181818157	0.018181818181818157	0.018181818181818157	0.018181818181818157	0.018181818181818157	0.018181818181818157	0.018181818181818157	0.018181818181818157	0.018181818181818157	0.018181818181818157	0.018181818181818157	0.018181818181818157	0.018181818181818157	0.018181818181818157	0.018181818181818157	0.018181818181818157	0.018181818181818157	0.018181818181818157	0.018181818181818157	0.018181818181818157	0.018181818181818157	0.018181818181818157	0.018181818181818157	0.018181818181818157	0.018181818181818157	0.018181818181818157	0.018181818181818157	0.018181818181818157
12.0	0.998844524329181	2.1397697607737383e-05	2.1397697607737383e-05	2.1397697607737383e-05	2.1397697607737383e-05	2.1397697607737383e-05	2.1397697607737383e-05	2.1397697607737383e-05	2.1397697607737383e-05	2.1397697607737383e-05	2.1397697607737383e-05	2.1397697607737383e-05	2.1397697607737383e-05	2.1397697607737383e-05	2.1397697607737383e-05	2.1397697607737383e-05	2.1397697607737383e-05	2.1397697607737383e-05	2.1397697607737383e-05	2.1397697607737383e-05	2.1397697607737383e-05	2.1397697607737383e-05	2.1397697607737383e-05	2.1397697607737383e-05	2.1397697607737383e-05	2.1397697607737383e-05	2.1397697607737383e-05	2.1397697607737383e-05	2.1397697607737383e-05	2.1397697607737383e-05	2.1397697607737383e-05	2.1397697607737383e-05	2.1397697607737383e-05	2.1397697607737383e-05	2.1397697607737383e-05	2.1397697607737383e-05	2.1397697607737383e-05	2.1397697607737383e-05	2.1397697607737383e-05	2.1397697607737383e-05	2.1397697607737383e-05	2.1397697607737383e-05	2.1397697607737383e-05	2.1397697607737383e-05	2.1397697607737383e-05	2.1397697607737383e-05	2.1397697607737383e-05	2.1397697607737383e-05	2.1397697607737383e-05	2.1397697607737383e-05	2.1397697607737383e-05	2.1397697607737383e-05	2.1397697607737383e-05	2.1397697607737383e-05	2.1397697607737383e-05
13.0	0.018181818181818157	0.018181818181818157	0.018181818181818157	0.018181818181818157	0.018181818181818157	0.018181818181818157	0.018181818181818157	0.018181818181818157	0.018181818181818157	0.018181818181818157	0.018181818181818157	0.018181818181818157	0.018181818181818157	0.018181818181818157	0.018181818181818157	0.018181818181818157	0.018181818181818157	0.018181818181818157	0.018181818181818157	0.018181818181818157	0.018181818181818157	0.018181818181818157	0.018181818181818157	0.018181818181818157	0.018181818181818157	0.018181818181818157	0.018181818181818157	0.018181818181818157	0.018181818181818157	0.018181818181818157	0.018181818181818157	0.018181818181818157	0.018181818181818157	0.018181818181818157	0.018181818181818157	0.018181818181818157	0.018181818181818157	0.018181818181818157	0.018181818181818157	0.018181818181818157	0.018181818181818157	0.018181818181818157	0.018181818181818157	0.018181818181818157	0.018181818181818157	0.018181818181818157	0.018181818181818157	0.018181818181818157	0.018181818181818157	0.018181818181818157	0.018181818181818157	0.018181818181818157	0.018181818181818157	0.018181818181818157	0.018181818181818157
14.0	0.018181818181818157	0.018181818181818157	0.018181818181818157	0.018181818181818157	0.018181818181818157	0.018181818181818157	0.018181818181818157	0.018181818181818157	0.018181818181818157	0.018181818181818157	0.018181818181818157	0.018181818181818157	0.018181818181818157	0.018181818181818157	0.018181818181818157	0.018181818181818157	0.018181818181818157	0.018181818181818157	0.018181818181818157	0.018181818181818157	0.018181818181818157	0.018181818181818157	0.018181818181818157	0.018181818181818157	0.018181818181818157	0.018181818181818157	0.018181818181818157	0.018181818181818157	0.018181818181818157	0.018181818181818157	0.018181818181818157	0.018181818181818157	0.018181818181818157	0.018181818181818157	0.018181818181818157	0.018181818181818157	0.018181818181818157	0.018181818181818157	0.018181818181818157	0.018181818181818157	0.018181818181818157	0.018181818181818157	0.018181818181818157	0.018181818181818157	0.018181818181818157	0.018181818181818157	0.018181818181818157	0.018181818181818157	0.018181818181818157	0.018181818181818157	0.018181818181818157	0.018181818181818157	0.018181818181818157	0.018181818181818157	0.018181818181818157
15.0	0.018181818181818157	0.018181818181818157	0.018181818181818157	0.018181818181818157	0.018181818181818157	0.018181818181818157	0.018181818181818157	0.018181818181818157	0.018181818181818157	0.018181818181818157	0.018181818181818157	0.018181818181818157	0.018181818181818157	0.018181818181818157	0.018181818181818157	0.018181818181818157	0.018181818181818157	0.018181818181818157	0.018181818181818157	0.018181818181818157	0.018181818181818157	0.018181818181818157	0.018181818181818157	0.018181818181818157	0.018181818181818157	0.018181818181818157	0.018181818181818157	0.018181818181818157	0.018181818181818157	0.018181818181818157	0.018181818181818157	0.018181818181818157	0.018181818181818157	0.018181818181818157	0.018181818181818157	0.018181818181818157	0.018181818181818157	0.018181818181818157	0.018181818181818157	0.018181818181818157	0.018181818181818157	0.018181818181818157	0.018181818181818157	0.018181818181818157	0.018181818181818157	0.018181818181818157	0.018181818181818157	0.018181818181818157	0.018181818181818157	0.018181818181818157	0.018181818181818157	0.018181818181818157	0.018181818181818157	0.018181818181818157	0.018181818181818157
16.0	0.018181818181818157	0.018181818181818157	0.018181818181818157	0.018181818181818157	0.018181818181818157	0.018181818181818157	0.018181818181818157	0.018181818181818157	0.018181818181818157	0.018181818181818157	0.018181818181818157	0.018181818181818157	0.018181818181818157	0.018181818181818157	0.018181818181818157	0.018181818181818157	0.018181818181818157	0.018181818181818157	0.018181818181818157	0.018181818181818157	0.018181818181818157	0.018181818181818157	0.018181818181818157	0.018181818181818157	0.018181818181818157	0.018181818181818157	0.018181818181818157	0.018181818181818157	0.018181818181818157	0.018181818181818157	0.018181818181818157	0.018181818181818157	0.018181818181818157	0.018181818181818157	0.018181818181818157	0.018181818181818157	0.018181818181818157	0.018181818181818157	0.018181818181818157	0.018181818181818157	0.018181818181818157	0.018181818181818157	0.018181818181818157	0.018181818181818157	0.018181818181818157	0.018181818181818157	0.018181818181818157	0.018181818181818157	0.018181818181818157	0.018181818181818157	0.018181818181818157	0.018181818181818157	0.018181818181818157	0.018181818181818157	0.018181818181818157
17.0	0.018181818181818157	0.018181818181818157	0.018181818181818157	0.018181818181818157	0.018181818181818157	0.018181818181818157	0.018181818181818157	0.018181818181818157	0.018181818181818157	0.018181818181818157	0.018181818181818157	0.018181818181818157	0.018181818181818157	0.018181818181818157	0.018181818181818157	0.018181818181818157	0.018181818181818157	0.018181818181818157	0.018181818181818157	0.018181818181818157	0.018181818181818157	0.018181818181818157	0.018181818181818157	0.018181818181818157	0.018181818181818157	0.018181818181818157	0.018181818181818157	0.018181818181818157	0.018181818181818157	0.018181818181818157	0.018181818181818157	0.018181818181818157	0.018181818181818157	0.018181818181818157	0.018181818181818157	0.018181818181818157	0.018181818181818157	0.018181818181818157	0.018181818181818157	0.018181818181818157	0.018181818181818157	0.018181818181818157	0.018181818181818157	0.018181818181818157	0.018181818181818157	0.018181818181818157	0.018181818181818157	0.018181818181818157	0.018181818181818157	0.018181818181818157	0.018181818181818157	0.018181818181818157	0.018181818181818157	0.018181818181818157	0.018181818181818157
18.0	0.018181818181818157	0.018181818181818157	0.018181818181818157	0.018181818181818157	0.018181818181818157	0.018181818181818157	0.018181818181818157	0.018181818181818157	0.018181818181818157	0.018181818181818157	0.018181818181818157	0.018181818181818157	0.018181818181818157	0.018181818181818157	0.018181818181818157	0.018181818181818157	0.018181818181818157	0.018181818181818157	0.018181818181818157	0.018181818181818157	0.018181818181818157	0.018181818181818157	0.018181818181818157	0.018181818181818157	0.018181818181818157	0.018181818181818157	0.018181818181818157	0.018181818181818157	0.018181818181818157	0.018181818181818157	0.018181818181818157	0.018181818181818157	0.018181818181818157	0.018181818181818157	0.018181818181818157	0.018181818181818157	0.018181818181818157	0.018181818181818157	0.018181818181818157	0.018181818181818157	0.018181818181818157	0.018181818181818157	0.018181818181818157	0.018181818181818157	0.018181818181818157	0.018181818181818157	0.018181818181818157	0.018181818181818157	0.018181818181818157	0.018181818181818157	0.018181818181818157	0.018181818181818157	0.018181818181818157	0.018181818181818157	0.018181818181818157
19.0	0.018181818181818157	0.018181818181818157	0.018181818181818157	0.018181818181818157	0.018181818181818157	0.018181818181818157	0.018181818181818157	0.018181818181818157	0.018181818181818157	0.018181818181818157	0.018181818181818157	0.018181818181818157	0.018181818181818157	0.018181818181818157	0.018181818181818157	0.018181818181818157	0.018181818181818157	0.018181818181818157	0.018181818181818157	0.018181818181818157	0.018181818181818157	0.018181818181818157	0.018181818181818157	0.018181818181818157	0.018181818181818157	0.018181818181818157	0.018181818181818157	0.018181818181818157	0.018181818181818157	0.018181818181818157	0.018181818181818157	0.018181818181818157	0.018181818181818157	0.018181818181818157	0.018181818181818157	0.018181818181818157	0.018181818181818157	0.018181818181818157	0.018181818181818157	0.018181818181818157	0.018181818181818157	0.018181818181818157	0.018181818181818157	0.018181818181818157	0.018181818181818157	0.018181818181818157	0.018181818181818157	0.018181818181818157	0.018181818181818157	0.018181818181818157	0.018181818181818157	0.018181818181818157	0.018181818181818157	0.018181818181818157	0.018181818181818157
20.0	0.018181818181818157	0.018181818181818157	0.018181818181818157	0.018181818181818157	0.018181818181818157	0.018181818181818157	0.018181818181818157	0.018181818181818157	0.018181818181818157	0.018181818181818157	0.018181818181818157	0.018181818181818157	0.018181818181818157	0.018181818181818157	0.018181818181818157	0.018181818181818157	0.018181818181818157	0.018181818181818157	0.018181818181818157	0.018181818181818157	0.018181818181818157	0.018181818181818157	0.018181818181818157	0.018181818181818157	0.018181818181818157	0.018181818181818157	0.018181818181818157	0.018181818181818157	0.018181818181818157	0.018181818181818157	0.018181818181818157	0.018181818181818157	0.018181818181818157	0.018181818181818157	0.018181818181818157	0.018181818181818157	0.018181818181818157	0.018181818181818157	0.018181818181818157	0.018181818181818157	0.018181818181818157	0.018181818181818157	0.018181818181818157	0.018181818181818157	0.018181818181818157	0.018181818181818157	0.018181818181818157	0.018181818181818157	0.018181818181818157	0.018181818181818157	0.018181818181818157	0.018181818181818157	0.018181818181818157	0.018181818181818157	0.018181818181818157
21.0	0.018181818181818157	0.018181818181818157	0.018181818181818157	0.018181818181818157	0.018181818181818157	0.018181818181818157	0.018181818181818157	0.018181818181818157	0.018181818181818157	0.018181818181818157	0.018181818181818157	0.018181818181818157	0.018181818181818157	0.018181818181818157	0.018181818181818157	0.018181818181818157	0.018181818181818157	0.018181818181818157	0.018181818181818157	0.018181818181818157	0.018181818181818157	0.018181818181818157	0.018181818181818157	0.018181818181818157	0.018181818181818157	0.018181818181818157	0.018181818181818157	0.018181818181818157	0.018181818181818157	0.018181818181818157	0.018181818181818157	0.018181818181818157	0.018181818181818157	0.018181818181818157	0.018181818181818157	0.018181818181818157	0.018181818181818157	0.018181818181818157	0.018181818181818157	0.018181818181818157	0.018181818181818157	0.018181818181818157	0.018181818181818157	0.018181818181818157	0.018181818181818157	0.018181818181818157	0.018181818181818157	0.018181818181818157	0.018181818181818157	0.018181818181818157	0.018181818181818157	0.018181818181818157	0.018181818181818157	0.018181818181818157	0.018181818181818157
22.0	0.018181818181818157	0.018181818181818157	0.018181818181818157	0.018181818181818157	0.018181818181818157	0.018181818181818157	0.018181818181818157	0.018181818181818157	0.018181818181818157	0.018181818181818157	0.018181818181818157	0.018181818181818157	0.018181818181818157	0.018181818181818157	0.018181818181818157	0.018181818181818157	0.018181818181818157	0.018181818181818157	0.018181818181818157	0.018181818181818157	0.018181818181818157	0.018181818181818157	0.018181818181818157	0.018181818181818157	0.018181818181818157	0.018181818181818157	0.018181818181818157	0.018181818181818157	0.018181818181818157	0.018181818181818157	0.018181818181818157	0.018181818181818157	0.018181818181818157	0.018181818181818157	0.018181818181818157	0.018181818181818157	0.018181818181818157	0.018181818181818157	0.018181818181818157	0.018181818181818157	0.018181818181818157	0.018181818181818157	0.018181818181818157	0.018181818181818157	0.018181818181818157	0.018181818181818157	0.018181818181818157	0.018181818181818157	0.018181818181818157	0.018181818181818157	0.018181818181818157	0.018181818181818157	0.018181818181818157	0.018181818181818157	0.018181818181818157
23.0	0.018181818181818157	0.018181818181818157	0.018181818181818157	0.018181818181818157	0.018181818181818157	0.018181818181818157	0.018181818181818157	0.018181818181818157	0.018181818181818157	0.018181818181818157	0.018181818181818157	0.018181818181818157	0.018181818181818157	0.018181818181818157	0.018181818181818157	0.018181818181818157	0.018181818181818157	0.018181818181818157	0.018181818181818157	0.018181818181818157	0.018181818181818157	0.018181818181818157	0.018181818181818157	0.018181818181818157	0.018181818181818157	0.018181818181818157	0.018181818181818157	0.018181818181818157	0.018181818181818157	0.018181818181818157	0.018181818181818157	0.018181818181818157	0.018181818181818157	0.018181818181818157	0.018181818181818157	0.018181818181818157	0.018181818181818157	0.018181818181818157	0.018181818181818157	0.018181818181818157	0.018181818181818157	0.018181818181818157	0.018181818181818157	0.018181818181818157	0.018181818181818157	0.018181818181818157	0.018181818181818157	0.018181818181818157	0.018181818181818157	0.018181818181818157	0.018181818181818157	0.018181818181818157	0.018181818181818157	0.018181818181818157	0.018181818181818157
24.0	0.018181818181818157	0.018181818181818157	0.018181818181818157	0.018181818181818157	0.018181818181818157	0.018181818181818157	0.018181818181818157	0.018181818181818157	0.018181818181818157	0.018181818181818157	0.018181818181818157	0.018181818181818157	0.018181818181818157	0.018181818181818157	0.018181818181818157	0.018181818181818157	0.018181818181818157	0.018181818181818157	0.018181818181818157	0.018181818181818157	0.018181818181818157	0.018181818181818157	0.018181818181818157	0.018181818181818157	0.018181818181818157	0.018181818181818157	0.018181818181818157	0.018181818181818157	0.018181818181818157	0.018181818181818157	0.018181818181818157	0.018181818181818157	0.018181818181818157	0.018181818181818157	0.018181818181818157	0.018181818181818157	0.018181818181818157	0.018181818181818157	0.018181818181818157	0.018181818181818157	0.018181818181818157	0.018181818181818157	0.018181818181818157	0.018181818181818157	0.018181818181818157	0.018181818181818157	0.018181818181818157	0.018181818181818157	0.018181818181818157	0.018181818181818157	0.018181818181818157	0.018181818181818157	0.018181818181818157	0.018181818181818157	0.018181818181818157
25.0	0.018181818181818157	0.018181818181818157	0.018181818181818157	0.018181818181818157	0.018181818181818157	0.018181818181818157	0.018181818181818157	0.018181818181818157	0.018181818181818157	0.018181818181818157	0.018181818181818157	0.018181818181818157	0.018181818181818157	0.018181818181818157	0.018181818181818157	0.018181818181818157	0.018181818181818157	0.018181818181818157	0.018181818181818157	0.018181818181818157	0.018181818181818157	0.018181818181818157	0.018181818181818157	0.018181818181818157	0.018181818181818157	0.018181818181818157	0.018181818181818157	0.018181818181818157	0.018181818181818157	0.018181818181818157	0.018181818181818157	0.018181818181818157	0.018181818181818157	0.018181818181818157	0.018181818181818157	0.018181818181818157	0.018181818181818157	0.018181818181818157	0.018181818181818157	0.018181818181818157	0.018181818181818157	0.018181818181818157	0.018181818181818157	0.018181818181818157	0.018181818181818157	0.018181818181818157	0.018181818181818157	0.018181818181818157	0.018181818181818157	0.018181818181818157	0.018181818181818157	0.018181818181818157	0.018181818181818157	0.018181818181818157	0.018181818181818157
26.0	0.018181818181818157	0.018181818181818157	0.018181818181818157	0.018181818181818157	0.018181818181818157	0.018181818181818157	0.018181818181818157	0.018181818181818157	0.018181818181818157	0.018181818181818157	0.018181818181818157	0.018181818181818157	0.018181818181818157	0.018181818181818157	0.018181818181818157	0.018181818181818157	0.018181818181818157	0.018181818181818157	0.018181818181818157	0.018181818181818157	0.018181818181818157	0.018181818181818157	0.018181818181818157	0.018181818181818157	0.018181818181818157	0.018181818181818157	0.018181818181818157	0.018181818181818157	0.018181818181818157	0.018181818181818157	0.018181818181818157	0.018181818181818157	0.018181818181818157	0.018181818181818157	0.018181818181818157	0.018181818181818157	0.018181818181818157	0.018181818181818157	0.018181818181818157	0.018181818181818157	0.018181818181818157	0.018181818181818157	0.018181818181818157	0.018181818181818157	0.018181818181818157	0.018181818181818157	0.018181818181818157	0.018181818181818157	0.018181818181818157	0.018181818181818157	0.018181818181818157	0.018181818181818157	0.018181818181818157	0.018181818181818157	0.018181818181818157
27.0	0.018181818181818157	0.018181818181818157	0.018181818181818157	0.018181818181818157	0.018181818181818157	0.018181818181818157	0.018181818181818157	0.018181818181818157	0.018181818181818157	0.018181818181818157	0.018181818181818157	0.018181818181818157	0.018181818181818157	0.018181818181818157	0.018181818181818157	0.018181818181818157	0.018181818181818157	0.018181818181818157	0.018181818181818157	0.018181818181818157	0.018181818181818157	0.018181818181818157	0.018181818181818157	0.018181818181818157	0.018181818181818157	0.018181818181818157	0.018181818181818157	0.018181818181818157	0.018181818181818157	0.018181818181818157	0.018181818181818157	0.018181818181818157	0.018181818181818157	0.018181818181818157	0.018181818181818157	0.018181818181818157	0.018181818181818157	0.018181818181818157	0.018181818181818157	0.018181818181818157	0.018181818181818157	0.018181818181818157	0.018181818181818157	0.018181818181818157	0.018181818181818157	0.018181818181818157	0.018181818181818157	0.018181818181818157	0.018181818181818157	0.018181818181818157	0.018181818181818157	0.018181818181818157	0.018181818181818157	0.018181818181818157	0.018181818181818157
28.0	0.018181818181818157	0.018181818181818157	0.018181818181818157	0.018181818181818157	0.018181818181818157	0.018181818181818157	0.018181818181818157	0.018181818181818157	0.018181818181818157	0.018181818181818157	0.018181818181818157	0.018181818181818157	0.018181818181818157	0.018181818181818157	0.018181818181818157	0.018181818181818157	0.018181818181818157	0.018181818181818157	0.018181818181818157	0.018181818181818157	0.018181818181818157	0.018181818181818157	0.018181818181818157	0.018181818181818157	0.018181818181818157	0.018181818181818157	0.018181818181818157	0.018181818181818157	0.018181818181818157	0.018181818181818157	0.018181818181818157	0.018181818181818157	0.018181818181818157	0.018181818181818157	0.018181818181818157	0.018181818181818157	0.018181818181818157	0.018181818181818157	0.018181818181818157	0.018181818181818157	0.018181818181818157	0.018181818181818157	0.018181818181818157	0.018181818181818157	0.018181818181818157	0.018181818181818157	0.018181818181818157	0.018181818181818157	0.018181818181818157	0.018181818181818157	0.018181818181818157	0.018181818181818157	0.018181818181818157	0.018181818181818157	0.018181818181818157
29.0	0.018181818181818157	0.018181818181818157	0.018181818181818157	0.018181818181818157	0.018181818181818157	0.018181818181818157	0.018181818181818157	0.018181818181818157	0.018181818181818157	0.018181818181818157	0.018181818181818157	0.018181818181818157	0.018181818181818157	0.018181818181818157	0.018181818181818157	0.018181818181818157	0.018181818181818157	0.018181818181818157	0.018181818181818157	0.018181818181818157	0.018181818181818157	0.018181818181818157	0.018181818181818157	0.018181818181818157	0.018181818181818157	0.018181818181818157	0.018181818181818157	0.018181818181818157	0.018181818181818157	0.018181818181818157	0.018181818181818157	0.018181818181818157	0.018181818181818157	0.018181818181818157	0.018181818181818157	0.018181818181818157	0.018181818181818157	0.018181818181818157	0.018181818181818157	0.018181818181818157	0.018181818181818157	0.018181818181818157	0.018181818181818157	0.018181818181818157	0.018181818181818157	0.018181818181818157	0.018181818181818157	0.018181818181818157	0.018181818181818157	0.018181818181818157	0.018181818181818157	0.018181818181818157	0.018181818181818157	0.018181818181818157	0.018181818181818157
30.0	0.018181818181818157	0.018181818181818157	0.018181818181818157	0.018181818181818157	0.018181818181818157	0.018181818181818157	0.018181818181818157	0.018181818181818157	0.018181818181818157	0.018181818181818157	0.018181818181818157	0.018181818181818157	0.018181818181818157	0.018181818181818157	0.018181818181818157	0.018181818181818157	0.018181818181818157	0.018181818181818157	0.018181818181818157	0.018181818181818157	0.018181818181818157	0.018181818181818157	0.018181818181818157	0.018181818181818157	0.018181818181818157	0.018181818181818157	0.018181818181818157	0.018181818181818157	0.018181818181818157	0.018181818181818157	0.018181818181818157	0.018181818181818157	0.018181818181818157	0.018181818181818157	0.018181818181818157	0.018181818181818157	0.018181818181818157	0.018181818181818157	0.018181818181818157	0.018181818181818157	0.018181818181818157	0.018181818181818157	0.018181818181818157	0.018181818181818157	0.018181818181818157	0.018181818181818157	0.018181818181818157	0.018181818181818157	0.018181818181818157	0.018181818181818157	0.018181818181818157	0.018181818181818157	0.018181818181818157	0.018181818181818157	0.018181818181818157
31.0	0.018181818181818157	0.018181818181818157	0.018181818181818157	0.018181818181818157	0.018181818181818157	0.018181818181818157	0.018181818181818157	0.018181818181818157	0.018181818181818157	0.018181818181818157	0.018181818181818157	0.018181818181818157	0.018181818181818157	0.018181818181818157	0.018181818181818157	0.018181818181818157	0.018181818181818157	0.018181818181818157	0.018181818181818157	0.018181818181818157	0.018181818181818157	0.018181818181818157	0.018181818181818157	0.018181818181818157	0.018181818181818157	0.018181818181818157	0.018181818181818157	0.018181818181818157	0.018181818181818157	0.018181818181818157	0.018181818181818157	0.018181818181818157	0.018181818181818157	0.018181818181818157	0.018181818181818157	0.018181818181818157	0.018181818181818157	0.018181818181818157	0.018181818181818157	0.018181818181818157	0.018181818181818157	0.018181818181818157	0.018181818181818157	0.018181818181818157	0.018181818181818157	0.018181818181818157	0.018181818181818157	0.018181818181818157	0.018181818181818157	0.018181818181818157	0.018181818181818157	0.018181818181818157	0.018181818181818157	0.018181818181818157	0.018181818181818157
32.0	0.018181818181818157	0.018181818181818157	0.018181818181818157	0.018181818181818157	0.018181818181818157	0.018181818181818157	0.018181818181818157	0.018181818181818157	0.018181818181818157	0.018181818181818157	0.018181818181818157	0.018181818181818157	0.018181818181818157	0.018181818181818157	0.018181818181818157	0.018181818181818157	0.018181818181818157	0.018181818181818157	0.018181818181818157	0.018181818181818157	0.018181818181818157	0.018181818181818157	0.018181818181818157	0.018181818181818157	0.018181818181818157	0.018181818181818157	0.018181818181818157	0.018181818181818157	0.018181818181818157	0.018181818181818157	0.018181818181818157	0.018181818181818157	0.018181818181818157	0.018181818181818157	0.018181818181818157	0.018181818181818157	0.018181818181818157	0.018181818181818157	0.018181818181818157	0.018181818181818157	0.018181818181818157	0.018181818181818157	0.018181818181818157	0.018181818181818157	0.018181818181818157	0.018181818181818157	0.018181818181818157	0.018181818181818157	0.018181818181818157	0.018181818181818157	0.018181818181818157	0.018181818181818157	0.018181818181818157	0.018181818181818157	0.018181818181818157
33.0	0.018181818181818157	0.018181818181818157	0.018181818181818157	0.018181818181818157	0.018181818181818157	0.018181818181818157	0.018181818181818157	0.018181818181818157	0.018181818181818157	0.018181818181818157	0.018181818181818157	0.018181818181818157	0.018181818181818157	0.018181818181818157	0.018181818181818157	0.018181818181818157	0.018181818181818157	0.018181818181818157	0.018181818181818157	0.018181818181818157	0.018181818181818157	0.018181818181818157	0.018181818181818157	0.018181818181818157	0.018181818181818157	0.018181818181818157	0.018181818181818157	0.018181818181818157	0.018181818181818157	0.018181818181818157	0.018181818181818157	0.018181818181818157	0.018181818181818157	0.018181818181818157	0.018181818181818157	0.018181818181818157	0.018181818181818157	0.018181818181818157	0.018181818181818157	0.018181818181818157	0.018181818181818157	0.018181818181818157	0.018181818181818157	0.018181818181818157	0.018181818181818157	0.018181818181818157	0.018181818181818157	0.018181818181818157	0.018181818181818157	0.018181818181818157	0.018181818181818157	0.018181818181818157	0.018181818181818157	0.018181818181818157	0.018181818181818157
34.0	9.994602914426197e-06	9.994602914426197e-06	9.994602914426197e-06	9.994602914426197e-06	9.994602914426197e-06	9.994602914426197e-06	9.994602914426197e-06	9.994602914426197e-06	9.994602914426197e-06	9.994602914426197e-06	9.994602914426197e-06	9.994602914426197e-06	9.994602914426197e-06	9.994602914426197e-06	9.994602914426197e-06	9.994602914426197e-06	9.994602914426197e-06	9.994602914426197e-06	9.994602914426197e-06	9.994602914426197e-06	9.994602914426197e-06	9.994602914426197e-06	9.994602914426197e-06	9.994602914426197e-06	9.994602914426197e-06	9.994602914426197e-06	9.994602914426197e-06	9.994602914426197e-06	9.994602914426197e-06	9.994602914426197e-06	9.994602914426197e-06	9.994602914426197e-06	9.994602914426197e-06	0.9994602914426197	9.994602914426197e-06	9.994602914426197e-06	9.994602914426197e-06	9.994602914426197e-06	9.994602914426197e-06	9.994602914426197e-06	9.994602914426197e-06	9.994602914426197e-06	9.994602914426197e-06	9.994602914426197e-06	9.994602914426197e-06	9.994602914426197e-06	9.994602914426197e-06	9.994602914426197e-06	9.994602914426197e-06	9.994602914426197e-06	9.994602914426197e-06	9.994602914426197e-06	9.994602914426197e-06	9.994602914426197e-06	9.994602914426197e-06
35.0	0.018181818181818157	0.018181818181818157	0.018181818181818157	0.018181818181818157	0.018181818181818157	0.018181818181818157	0.018181818181818157	0.018181818181818157	0.018181818181818157	0.018181818181818157	0.018181818181818157	0.018181818181818157	0.018181818181818157	0.018181818181818157	0.018181818181818157	0.018181818181818157	0.018181818181818157	0.018181818181818157	0.018181818181818157	0.018181818181818157	0.018181818181818157	0.018181818181818157	0.018181818181818157	0.018181818181818157	0.018181818181818157	0.018181818181818157	0.018181818181818157	0.018181818181818157	0.018181818181818157	0.018181818181818157	0.018181818181818157	0.018181818181818157	0.018181818181818157	0.018181818181818157	0.018181818181818157	0.018181818181818157	0.018181818181818157	0.018181818181818157	0.018181818181818157	0.018181818181818157	0.018181818181818157	0.018181818181818157	0.018181818181818157	0.018181818181818157	0.018181818181818157	0.018181818181818157	0.018181818181818157	0.018181818181818157	0.018181818181818157	0.018181818181818157	0.018181818181818157	0.018181818181818157	0.018181818181818157	0.018181818181818157	0.018181818181818157
36.0	0.018181818181818157	0.018181818181818157	0.018181818181818157	0.018181818181818157	0.018181818181818157	0.018181818181818157	0.018181818181818157	0.018181818181818157	0.018181818181818157	0.018181818181818157	0.018181818181818157	0.018181818181818157	0.018181818181818157	0.018181818181818157	0.018181818181818157	0.018181818181818157	0.018181818181818157	0.018181818181818157	0.018181818181818157	0.018181818181818157	0.018181818181818157	0.018181818181818157	0.018181818181818157	0.018181818181818157	0.018181818181818157	0.018181818181818157	0.018181818181818157	0.018181818181818157	0.018181818181818157	0.018181818181818157	0.018181818181818157	0.018181818181818157	0.018181818181818157	0.018181818181818157	0.018181818181818157	0.018181818181818157	0.018181818181818157	0.018181818181818157	0.018181818181818157	0.018181818181818157	0.018181818181818157	0.018181818181818157	0.018181818181818157	0.018181818181818157	0.018181818181818157	0.018181818181818157	0.018181818181818157	0.018181818181818157	0.018181818181818157	0.018181818181818157	0.018181818181818157	0.018181818181818157	0.018181818181818157	0.018181818181818157	0.018181818181818157
37.0	0.018181818181818157	0.018181818181818157	0.018181818181818157	0.018181818181818157	0.018181818181818157	0.018181818181818157	0.018181818181818157	0.018181818181818157	0.018181818181818157	0.018181818181818157	0.018181818181818157	0.018181818181818157	0.018181818181818157	0.018181818181818157	0.018181818181818157	0.018181818181818157	0.018181818181818157	0.018181818181818157	0.018181818181818157	0.018181818181818157	0.018181818181818157	0.018181818181818157	0.018181818181818157	0.018181818181818157	0.018181818181818157	0.018181818181818157	0.018181818181818157	0.018181818181818157	0.018181818181818157	0.018181818181818157	0.018181818181818157	0.018181818181818157	0.018181818181818157	0.018181818181818157	0.018181818181818157	0.018181818181818157	0.018181818181818157	0.018181818181818157	0.018181818181818157	0.018181818181818157	0.018181818181818157	0.018181818181818157	0.018181818181818157	0.018181818181818157	0.018181818181818157	0.018181818181818157	0.018181818181818157	0.018181818181818157	0.018181818181818157	0.018181818181818157	0.018181818181818157	0.018181818181818157	0.018181818181818157	0.018181818181818157	0.018181818181818157
38.0	0.018181818181818157	0.018181818181818157	0.018181818181818157	0.018181818181818157	0.018181818181818157	0.018181818181818157	0.018181818181818157	0.018181818181818157	0.018181818181818157	0.018181818181818157	0.018181818181818157	0.018181818181818157	0.018181818181818157	0.018181818181818157	0.018181818181818157	0.018181818181818157	0.018181818181818157	0.018181818181818157	0.018181818181818157	0.018181818181818157	0.018181818181818157	0.018181818181818157	0.018181818181818157	0.018181818181818157	0.018181818181818157	0.018181818181818157	0.018181818181818157	0.018181818181818157	0.018181818181818157	0.018181818181818157	0.018181818181818157	0.018181818181818157	0.018181818181818157	0.018181818181818157	0.018181818181818157	0.018181818181818157	0.018181818181818157	0.018181818181818157	0.018181818181818157	0.018181818181818157	0.018181818181818157	0.018181818181818157	0.018181818181818157	0.018181818181818157	0.018181818181818157	0.018181818181818157	0.018181818181818157	0.018181818181818157	0.018181818181818157	0.018181818181818157	0.018181818181818157	0.018181818181818157	0.018181818181818157	0.018181818181818157	0.018181818181818157
39.0	0.018181818181818157	0.018181818181818157	0.018181818181818157	0.018181818181818157	0.018181818181818157	0.018181818181818157	0.018181818181818157	0.018181818181818157	0.018181818181818157	0.018181818181818157	0.018181818181818157	0.018181818181818157	0.018181818181818157	0.018181818181818157	0.018181818181818157	0.018181818181818157	0.018181818181818157	0.018181818181818157	0.018181818181818157	0.018181818181818157	0.018181818181818157	0.018181818181818157	0.018181818181818157	0.018181818181818157	0.018181818181818157	0.018181818181818157	0.018181818181818157	0.018181818181818157	0.018181818181818157	0.018181818181818157	0.018181818181818157	0.018181818181818157	0.018181818181818157	0.018181818181818157	0.018181818181818157	0.018181818181818157	0.018181818181818157	0.018181818181818157	0.018181818181818157	0.018181818181818157	0.018181818181818157	0.018181818181818157	0.018181818181818157	0.018181818181818157	0.018181818181818157	0.018181818181818157	0.018181818181818157	0.018181818181818157	0.018181818181818157	0.018181818181818157	0.018181818181818157	0.018181818181818157	0.018181818181818157	0.018181818181818157	0.018181818181818157
40.0	0.24978650248513484	1.4363911654171158e-05	1.4363911654171158e-05	1.4363911654171158e-05	1.4363911654171158e-05	1.4363911654171158e-05	1.4363911654171158e-05	1.4363911654171158e-05	1.4363911654171158e-05	1.4363911654171158e-05	1.4363911654171158e-05	1.4363911654171158e-05	1.4363911654171158e-05	1.4363911654171158e-05	1.4363911654171158e-05	1.4363911654171158e-05	1.4363911654171158e-05	1.4363911654171158e-05	1.4363911654171158e-05	1.4363911654171158e-05	1.4363911654171158e-05	1.4363911654171158e-05	1.4363911654171158e-05	1.4363911654171158e-05	1.4363911654171158e-05	1.4363911654171158e-05	1.4363911654171158e-05	1.4363911654171158e-05	1.4363911654171158e-05	1.4363911654171158e-05	1.4363911654171158e-05	1.4363911654171158e-05	1.4363911654171158e-05	1.4363911654171158e-05	1.4363911654171158e-05	1.4363911654171158e-05	1.4363911654171158e-05	1.4363911654171158e-05	1.4363911654171158e-05	0.10706665344412125	0.6423999206647275	1.4363911654171158e-05	1.4363911654171158e-05	1.4363911654171158e-05	1.4363911654171158e-05	1.4363911654171158e-05	1.4363911654171158e-05	1.4363911654171158e-05	1.4363911654171158e-05	1.4363911654171158e-05	1.4363911654171158e-05	1.4363911654171158e-05	1.4363911654171158e-05	1.4363911654171158e-05	1.4363911654171158e-05
41.0	0.018181818181818157	0.018181818181818157	0.018181818181818157	0.018181818181818157	0.018181818181818157	0.018181818181818157	0.018181818181818157	0.018181818181818157	0.018181818181818157	0.018181818181818157	0.018181818181818157	0.018181818181818157	0.018181818181818157	0.018181818181818157	0.018181818181818157	0.018181818181818157	0.018181818181818157	0.018181818181818157	0.018181818181818157	0.018181818181818157	0.018181818181818157	0.018181818181818157	0.018181818181818157	0.018181818181818157	0.018181818181818157	0.018181818181818157	0.018181818181818157	0.018181818181818157	0.018181818181818157	0.018181818181818157	0.018181818181818157	0.018181818181818157	0.018181818181818157	0.018181818181818157	0.018181818181818157	0.018181818181818157	0.018181818181818157	0.018181818181818157	0.018181818181818157	0.018181818181818157	0.018181818181818157	0.018181818181818157	0.018181818181818157	0.018181818181818157	0.018181818181818157	0.018181818181818157	0.018181818181818157	0.018181818181818157	0.018181818181818157	0.018181818181818157	0.018181818181818157	0.018181818181818157	0.018181818181818157	0.018181818181818157	0.018181818181818157
42.0	0.018181818181818157	0.018181818181818157	0.018181818181818157	0.018181818181818157	0.018181818181818157	0.018181818181818157	0.018181818181818157	0.018181818181818157	0.018181818181818157	0.018181818181818157	0.018181818181818157	0.018181818181818157	0.018181818181818157	0.018181818181818157	0.018181818181818157	0.018181818181818157	0.018181818181818157	0.018181818181818157	0.018181818181818157	0.018181818181818157	0.018181818181818157	0.018181818181818157	0.018181818181818157	0.018181818181818157	0.018181818181818157	0.018181818181818157	0.018181818181818157	0.018181818181818157	0.018181818181818157	0.018181818181818157	0.018181818181818157	0.018181818181818157	0.018181818181818157	0.018181818181818157	0.018181818181818157	0.018181818181818157	0.018181818181818157	0.018181818181818157	0.018181818181818157	0.018181818181818157	0.018181818181818157	0.018181818181818157	0.018181818181818157	0.018181818181818157	0.018181818181818157	0.018181818181818157	0.018181818181818157	0.018181818181818157	0.018181818181818157	0.018181818181818157	0.018181818181818157	0.018181818181818157	0.018181818181818157	0.018181818181818157	0.018181818181818157
43.0	0.018181818181818157	0.018181818181818157	0.018181818181818157	0.018181818181818157	0.018181818181818157	0.018181818181818157	0.018181818181818157	0.018181818181818157	0.018181818181818157	0.018181818181818157	0.018181818181818157	0.018181818181818157	0.018181818181818157	0.018181818181818157	0.018181818181818157	0.018181818181818157	0.018181818181818157	0.018181818181818157	0.018181818181818157	0.018181818181818157	0.018181818181818157	0.018181818181818157	0.018181818181818157	0.018181818181818157	0.018181818181818157	0.018181818181818157	0.018181818181818157	0.018181818181818157	0.018181818181818157	0.018181818181818157	0.018181818181818157	0.018181818181818157	0.018181818181818157	0.018181818181818157	0.018181818181818157	0.018181818181818157	0.018181818181818157	0.018181818181818157	0.018181818181818157	0.018181818181818157	0.018181818181818157	0.018181818181818157	0.018181818181818157	0.018181818181818157	0.018181818181818157	0.018181818181818157	0.018181818181818157	0.018181818181818157	0.018181818181818157	0.018181818181818157	0.018181818181818157	0.018181818181818157	0.018181818181818157	0.018181818181818157	0.018181818181818157
44.0	0.018181818181818157	0.018181818181818157	0.018181818181818157	0.018181818181818157	0.018181818181818157	0.018181818181818157	0.018181818181818157	0.018181818181818157	0.018181818181818157	0.018181818181818157	0.018181818181818157	0.018181818181818157	0.018181818181818157	0.018181818181818157	0.018181818181818157	0.018181818181818157	0.018181818181818157	0.018181818181818157	0.018181818181818157	0.018181818181818157	0.018181818181818157	0.018181818181818157	0.018181818181818157	0.018181818181818157	0.018181818181818157	0.018181818181818157	0.018181818181818157	0.018181818181818157	0.018181818181818157	0.018181818181818157	0.018181818181818157	0.018181818181818157	0.018181818181818157	0.018181818181818157	0.018181818181818157	0.018181818181818157	0.018181818181818157	0.018181818181818157	0.018181818181818157	0.018181818181818157	0.018181818181818157	0.018181818181818157	0.018181818181818157	0.018181818181818157	0.018181818181818157	0.018181818181818157	0.018181818181818157	0.018181818181818157	0.018181818181818157	0.018181818181818157	0.018181818181818157	0.018181818181818157	0.018181818181818157	0.018181818181818157	0.018181818181818157
45.0	0.018181818181818157	0.018181818181818157	0.018181818181818157	0.018181818181818157	0.018181818181818157	0.018181818181818157	0.018181818181818157	0.018181818181818157	0.018181818181818157	0.018181818181818157	0.018181818181818157	0.018181818181818157	0.018181818181818157	0.018181818181818157	0.018181818181818157	0.018181818181818157	0.018181818181818157	0.018181818181818157	0.018181818181818157	0.018181818181818157	0.018181818181818157	0.018181818181818157	0.018181818181818157	0.018181818181818157	0.018181818181818157	0.018181818181818157	0.018181818181818157	0.018181818181818157	0.018181818181818157	0.018181818181818157	0.018181818181818157	0.018181818181818157	0.018181818181818157	0.018181818181818157	0.018181818181818157	0.018181818181818157	0.018181818181818157	0.018181818181818157	0.018181818181818157	0.018181818181818157	0.018181818181818157	0.018181818181818157	0.018181818181818157	0.018181818181818157	0.018181818181818157	0.018181818181818157	0.018181818181818157	0.018181818181818157	0.018181818181818157	0.018181818181818157	0.018181818181818157	0.018181818181818157	0.018181818181818157	0.018181818181818157	0.018181818181818157
46.0	0.018181818181818157	0.018181818181818157	0.018181818181818157	0.018181818181818157	0.018181818181818157	0.018181818181818157	0.018181818181818157	0.018181818181818157	0.018181818181818157	0.018181818181818157	0.018181818181818157	0.018181818181818157	0.018181818181818157	0.018181818181818157	0.018181818181818157	0.018181818181818157	0.018181818181818157	0.018181818181818157	0.018181818181818157	0.018181818181818157	0.018181818181818157	0.018181818181818157	0.018181818181818157	0.018181818181818157	0.018181818181818157	0.018181818181818157	0.018181818181818157	0.018181818181818157	0.018181818181818157	0.018181818181818157	0.018181818181818157	0.018181818181818157	0.018181818181818157	0.018181818181818157	0.018181818181818157	0.018181818181818157	0.018181818181818157	0.018181818181818157	0.018181818181818157	0.018181818181818157	0.018181818181818157	0.018181818181818157	0.018181818181818157	0.018181818181818157	0.018181818181818157	0.018181818181818157	0.018181818181818157	0.018181818181818157	0.018181818181818157	0.018181818181818157	0.018181818181818157	0.018181818181818157	0.018181818181818157	0.018181818181818157	0.018181818181818157
47.0	0.018181818181818157	0.018181818181818157	0.018181818181818157	0.018181818181818157	0.018181818181818157	0.018181818181818157	0.018181818181818157	0.018181818181818157	0.018181818181818157	0.018181818181818157	0.018181818181818157	0.018181818181818157	0.018181818181818157	0.018181818181818157	0.018181818181818157	0.018181818181818157	0.018181818181818157	0.018181818181818157	0.018181818181818157	0.018181818181818157	0.018181818181818157	0.018181818181818157	0.018181818181818157	0.018181818181818157	0.018181818181818157	0.018181818181818157	0.018181818181818157	0.018181818181818157	0.018181818181818157	0.018181818181818157	0.018181818181818157	0.018181818181818157	0.018181818181818157	0.018181818181818157	0.018181818181818157	0.018181818181818157	0.018181818181818157	0.018181818181818157	0.018181818181818157	0.018181818181818157	0.018181818181818157	0.018181818181818157	0.018181818181818157	0.018181818181818157	0.018181818181818157	0.018181818181818157	0.018181818181818157	0.018181818181818157	0.018181818181818157	0.018181818181818157	0.018181818181818157	0.018181818181818157	0.018181818181818157	0.018181818181818157	0.018181818181818157
48.0	0.018181818181818157	0.018181818181818157	0.018181818181818157	0.018181818181818157	0.018181818181818157	0.018181818181818157	0.018181818181818157	0.018181818181818157	0.018181818181818157	0.018181818181818157	0.018181818181818157	0.018181818181818157	0.018181818181818157	0.018181818181818157	0.018181818181818157	0.018181818181818157	0.018181818181818157	0.018181818181818157	0.018181818181818157	0.018181818181818157	0.018181818181818157	0.018181818181818157	0.018181818181818157	0.018181818181818157	0.018181818181818157	0.018181818181818157	0.018181818181818157	0.018181818181818157	0.018181818181818157	0.018181818181818157	0.018181818181818157	0.018181818181818157	0.018181818181818157	0.018181818181818157	0.018181818181818157	0.018181818181818157	0.018181818181818157	0.018181818181818157	0.018181818181818157	0.018181818181818157	0.018181818181818157	0.018181818181818157	0.018181818181818157	0.018181818181818157	0.018181818181818157	0.018181818181818157	0.018181818181818157	0.018181818181818157	0.018181818181818157	0.018181818181818157	0.018181818181818157	0.018181818181818157	0.018181818181818157	0.018181818181818157	0.018181818181818157
49.0	0.018181818181818157	0.018181818181818157	0.018181818181818157	0.018181818181818157	0.018181818181818157	0.018181818181818157	0.018181818181818157	0.018181818181818157	0.018181818181818157	0.018181818181818157	0.018181818181818157	0.018181818181818157	0.018181818181818157	0.018181818181818157	0.018181818181818157	0.018181818181818157	0.018181818181818157	0.018181818181818157	0.018181818181818157	0.018181818181818157	0.018181818181818157	0.018181818181818157	0.018181818181818157	0.018181818181818157	0.018181818181818157	0.018181818181818157	0.018181818181818157	0.018181818181818157	0.018181818181818157	0.018181818181818157	0.018181818181818157	0.018181818181818157	0.018181818181818157	0.018181818181818157	0.018181818181818157	0.018181818181818157	0.018181818181818157	0.018181818181818157	0.018181818181818157	0.018181818181818157	0.018181818181818157	0.018181818181818157	0.018181818181818157	0.018181818181818157	0.018181818181818157	0.018181818181818157	0.018181818181818157	0.018181818181818157	0.018181818181818157	0.018181818181818157	0.018181818181818157	0.018181818181818157	0.018181818181818157	0.018181818181818157	0.018181818181818157
50.0	0.018181818181818157	0.018181818181818157	0.018181818181818157	0.018181818181818157	0.018181818181818157	0.018181818181818157	0.018181818181818157	0.018181818181818157	0.018181818181818157	0.018181818181818157	0.018181818181818157	0.018181818181818157	0.018181818181818157	0.018181818181818157	0.018181818181818157	0.018181818181818157	0.018181818181818157	0.018181818181818157	0.018181818181818157	0.018181818181818157	0.018181818181818157	0.018181818181818157	0.018181818181818157	0.018181818181818157	0.018181818181818157	0.018181818181818157	0.018181818181818157	0.018181818181818157	0.018181818181818157	0.018181818181818157	0.018181818181818157	0.018181818181818157	0.018181818181818157	0.018181818181818157	0.018181818181818157	0.018181818181818157	0.018181818181818157	0.018181818181818157	0.018181818181818157	0.018181818181818157	0.018181818181818157	0.018181818181818157	0.018181818181818157	0.018181818181818157	0.018181818181818157	0.018181818181818157	0.018181818181818157	0.018181818181818157	0.018181818181818157	0.018181818181818157	0.018181818181818157	0.018181818181818157	0.018181818181818157	0.018181818181818157	0.018181818181818157
51.0	0.018181818181818157	0.018181818181818157	0.018181818181818157	0.018181818181818157	0.018181818181818157	0.018181818181818157	0.018181818181818157	0.018181818181818157	0.018181818181818157	0.018181818181818157	0.018181818181818157	0.018181818181818157	0.018181818181818157	0.018181818181818157	0.018181818181818157	0.018181818181818157	0.018181818181818157	0.018181818181818157	0.018181818181818157	0.018181818181818157	0.018181818181818157	0.018181818181818157	0.018181818181818157	0.018181818181818157	0.018181818181818157	0.018181818181818157	0.018181818181818157	0.018181818181818157	0.018181818181818157	0.018181818181818157	0.018181818181818157	0.018181818181818157	0.018181818181818157	0.018181818181818157	0.018181818181818157	0.018181818181818157	0.018181818181818157	0.018181818181818157	0.018181818181818157	0.018181818181818157	0.018181818181818157	0.018181818181818157	0.018181818181818157	0.018181818181818157	0.018181818181818157	0.018181818181818157	0.018181818181818157	0.018181818181818157	0.018181818181818157	0.018181818181818157	0.018181818181818157	0.018181818181818157	0.018181818181818157	0.018181818181818157	0.018181818181818157
52.0	0.018181818181818157	0.018181818181818157	0.018181818181818157	0.018181818181818157	0.018181818181818157	0.018181818181818157	0.018181818181818157	0.018181818181818157	0.018181818181818157	0.018181818181818157	0.018181818181818157	0.018181818181818157	0.018181818181818157	0.018181818181818157	0.018181818181818157	0.018181818181818157	0.018181818181818157	0.018181818181818157	0.018181818181818157	0.018181818181818157	0.018181818181818157	0.018181818181818157	0.018181818181818157	0.018181818181818157	0.018181818181818157	0.018181818181818157	0.018181818181818157	0.018181818181818157	0.018181818181818157	0.018181818181818157	0.018181818181818157	0.018181818181818157	0.018181818181818157	0.018181818181818157	0.018181818181818157	0.018181818181818157	0.018181818181818157	0.018181818181818157	0.018181818181818157	0.018181818181818157	0.018181818181818157	0.018181818181818157	0.018181818181818157	0.018181818181818157	0.018181818181818157	0.018181818181818157	0.018181818181818157	0.018181818181818157	0.018181818181818157	0.018181818181818157	0.018181818181818157	0.018181818181818157	0.018181818181818157	0.018181818181818157	0.018181818181818157
53.0	0.018181818181818157	0.018181818181818157	0.018181818181818157	0.018181818181818157	0.018181818181818157	0.018181818181818157	0.018181818181818157	0.018181818181818157	0.018181818181818157	0.018181818181818157	0.018181818181818157	0.018181818181818157	0.018181818181818157	0.018181818181818157	0.018181818181818157	0.018181818181818157	0.018181818181818157	0.018181818181818157	0.018181818181818157	0.018181818181818157	0.018181818181818157	0.018181818181818157	0.018181818181818157	0.018181818181818157	0.018181818181818157	0.018181818181818157	0.018181818181818157	0.018181818181818157	0.018181818181818157	0.018181818181818157	0.018181818181818157	0.018181818181818157	0.018181818181818157	0.018181818181818157	0.018181818181818157	0.018181818181818157	0.018181818181818157	0.018181818181818157	0.018181818181818157	0.018181818181818157	0.018181818181818157	0.018181818181818157	0.018181818181818157	0.018181818181818157	0.018181818181818157	0.018181818181818157	0.018181818181818157	0.018181818181818157	0.018181818181818157	0.018181818181818157	0.018181818181818157	0.018181818181818157	0.018181818181818157	0.018181818181818157	0.018181818181818157
54.0	0.018181818181818157	0.018181818181818157	0.018181818181818157	0.018181818181818157	0.018181818181818157	0.018181818181818157	0.018181818181818157	0.018181818181818157	0.018181818181818157	0.018181818181818157	0.018181818181818157	0.018181818181818157	0.018181818181818157	0.018181818181818157	0.018181818181818157	0.018181818181818157	0.018181818181818157	0.018181818181818157	0.018181818181818157	0.018181818181818157	0.018181818181818157	0.018181818181818157	0.018181818181818157	0.018181818181818157	0.018181818181818157	0.018181818181818157	0.018181818181818157	0.018181818181818157	0.018181818181818157	0.018181818181818157	0.018181818181818157	0.018181818181818157	0.018181818181818157	0.018181818181818157	0.018181818181818157	0.018181818181818157	0.018181818181818157	0.018181818181818157	0.018181818181818157	0.018181818181818157	0.018181818181818157	0.018181818181818157	0.018181818181818157	0.018181818181818157	0.018181818181818157	0.018181818181818157	0.018181818181818157	0.018181818181818157	0.018181818181818157	0.018181818181818157	0.018181818181818157	0.018181818181818157	0.018181818181818157	0.018181818181818157	0.018181818181818157
55.0	0.018181818181818157	0.018181818181818157	0.018181818181818157	0.018181818181818157	0.018181818181818157	0.018181818181818157	0.018181818181818157	0.018181818181818157	0.018181818181818157	0.018181818181818157	0.018181818181818157	0.018181818181818157	0.018181818181818157	0.018181818181818157	0.018181818181818157	0.018181818181818157	0.018181818181818157	0.018181818181818157	0.018181818181818157	0.018181818181818157	0.018181818181818157	0.018181818181818157	0.018181818181818157	0.018181818181818157	0.018181818181818157	0.018181818181818157	0.018181818181818157	0.018181818181818157	0.018181818181818157	0.018181818181818157	0.018181818181818157	0.018181818181818157	0.018181818181818157	0.018181818181818157	0.018181818181818157	0.018181818181818157	0.018181818181818157	0.018181818181818157	0.018181818181818157	0.018181818181818157	0.018181818181818157	0.018181818181818157	0.018181818181818157	0.018181818181818157	0.018181818181818157	0.018181818181818157	0.018181818181818157	0.018181818181818157	0.018181818181818157	0.018181818181818157	0.018181818181818157	0.018181818181818157	0.018181818181818157	0.018181818181818157	0.018181818181818157
