	(12-13)-1.0	(12-13)-3.0	(12-13)-5.0	(12-13)-6.0	(12-13)-14.0	(12-13)-18.0	(12-13)-19.0	(12-13)-20.0	(12-13)-22.0	(12-13)-23.0	(12-13)-24.0	(12-13)-25.0	(12-13)-26.0	(12-13)-30.0	(12-13)-51.0	(12-13)-55.0	(12-13)-58.0	(12-13)-76.0	(12-13)-85.0	(12-13)-88.0	(12-13)-89.0	(12-13)-99.0	(12-13)-107.0	(12-13)-108.0	(12-13)-109.0	(12-13)-110.0	(12-13)-111.0	(12-13)-12.0	(12-13)-82.0	(12-13)-142.0	(12-13)-152.0	(12-13)-178.0	(12-13)-2.0	(12-13)-201.0	(12-13)-202.0	(12-13)-231.0	(12-13)-232.0	(12-13)-13.0	(12-13)-233.0	(12-13)-234.0	(12-13)-236.0	(12-13)-248.0	(12-13)-253.0	(12-13)-100.0	(12-13)-278.0	(12-13)-279.0	(12-13)-280.0	(12-13)-289.0	(12-13)-295.0	(12-13)-297.0	(12-13)-298.0	(12-13)-299.0	(12-13)-15.0	(12-13)-102.0	(12-13)-123.0	(12-13)-4.0	(12-13)-120.0	(12-13)-288.0	(12-13)-386.0	(12-13)-403.0	(12-13)-404.0	(12-13)-406.0	(12-13)-419.0	(12-13)-8.0
1.0	0.015624999999999976	0.015624999999999976	0.015624999999999976	0.015624999999999976	0.015624999999999976	0.015624999999999976	0.015624999999999976	0.015624999999999976	0.015624999999999976	0.015624999999999976	0.015624999999999976	0.015624999999999976	0.015624999999999976	0.015624999999999976	0.015624999999999976	0.015624999999999976	0.015624999999999976	0.015624999999999976	0.015624999999999976	0.015624999999999976	0.015624999999999976	0.015624999999999976	0.015624999999999976	0.015624999999999976	0.015624999999999976	0.015624999999999976	0.015624999999999976	0.015624999999999976	0.015624999999999976	0.015624999999999976	0.015624999999999976	0.015624999999999976	0.015624999999999976	0.015624999999999976	0.015624999999999976	0.015624999999999976	0.015624999999999976	0.015624999999999976	0.015624999999999976	0.015624999999999976	0.015624999999999976	0.015624999999999976	0.015624999999999976	0.015624999999999976	0.015624999999999976	0.015624999999999976	0.015624999999999976	0.015624999999999976	0.015624999999999976	0.015624999999999976	0.015624999999999976	0.015624999999999976	0.015624999999999976	0.015624999999999976	0.015624999999999976	0.015624999999999976	0.015624999999999976	0.015624999999999976	0.015624999999999976	0.015624999999999976	0.015624999999999976	0.015624999999999976	0.015624999999999976	0.015624999999999976
3.0	6.748899760616538e-07	0.9999574819315097	6.748899760616538e-07	6.748899760616538e-07	6.748899760616538e-07	6.748899760616538e-07	6.748899760616538e-07	6.748899760616538e-07	6.748899760616538e-07	6.748899760616538e-07	6.748899760616538e-07	6.748899760616538e-07	6.748899760616538e-07	6.748899760616538e-07	6.748899760616538e-07	6.748899760616538e-07	6.748899760616538e-07	6.748899760616538e-07	6.748899760616538e-07	6.748899760616538e-07	6.748899760616538e-07	6.748899760616538e-07	6.748899760616538e-07	6.748899760616538e-07	6.748899760616538e-07	6.748899760616538e-07	6.748899760616538e-07	6.748899760616538e-07	6.748899760616538e-07	6.748899760616538e-07	6.748899760616538e-07	6.748899760616538e-07	6.748899760616538e-07	6.748899760616538e-07	6.748899760616538e-07	6.748899760616538e-07	6.748899760616538e-07	6.748899760616538e-07	6.748899760616538e-07	6.748899760616538e-07	6.748899760616538e-07	6.748899760616538e-07	6.748899760616538e-07	6.748899760616538e-07	6.748899760616538e-07	6.748899760616538e-07	6.748899760616538e-07	6.748899760616538e-07	6.748899760616538e-07	6.748899760616538e-07	6.748899760616538e-07	6.748899760616538e-07	6.748899760616538e-07	6.748899760616538e-07	6.748899760616538e-07	6.748899760616538e-07	6.748899760616538e-07	6.748899760616538e-07	6.748899760616538e-07	6.748899760616538e-07	6.748899760616538e-07	6.748899760616538e-07	6.748899760616538e-07	6.748899760616538e-07
5.0	0.015624999999999976	0.015624999999999976	0.015624999999999976	0.015624999999999976	0.015624999999999976	0.015624999999999976	0.015624999999999976	0.015624999999999976	0.015624999999999976	0.015624999999999976	0.015624999999999976	0.015624999999999976	0.015624999999999976	0.015624999999999976	0.015624999999999976	0.015624999999999976	0.015624999999999976	0.015624999999999976	0.015624999999999976	0.015624999999999976	0.015624999999999976	0.015624999999999976	0.015624999999999976	0.015624999999999976	0.015624999999999976	0.015624999999999976	0.015624999999999976	0.015624999999999976	0.015624999999999976	0.015624999999999976	0.015624999999999976	0.015624999999999976	0.015624999999999976	0.015624999999999976	0.015624999999999976	0.015624999999999976	0.015624999999999976	0.015624999999999976	0.015624999999999976	0.015624999999999976	0.015624999999999976	0.015624999999999976	0.015624999999999976	0.015624999999999976	0.015624999999999976	0.015624999999999976	0.015624999999999976	0.015624999999999976	0.015624999999999976	0.015624999999999976	0.015624999999999976	0.015624999999999976	0.015624999999999976	0.015624999999999976	0.015624999999999976	0.015624999999999976	0.015624999999999976	0.015624999999999976	0.015624999999999976	0.015624999999999976	0.015624999999999976	0.015624999999999976	0.015624999999999976	0.015624999999999976
6.0	0.015624999999999976	0.015624999999999976	0.015624999999999976	0.015624999999999976	0.015624999999999976	0.015624999999999976	0.015624999999999976	0.015624999999999976	0.015624999999999976	0.015624999999999976	0.015624999999999976	0.015624999999999976	0.015624999999999976	0.015624999999999976	0.015624999999999976	0.015624999999999976	0.015624999999999976	0.015624999999999976	0.015624999999999976	0.015624999999999976	0.015624999999999976	0.015624999999999976	0.015624999999999976	0.015624999999999976	0.015624999999999976	0.015624999999999976	0.015624999999999976	0.015624999999999976	0.015624999999999976	0.015624999999999976	0.015624999999999976	0.015624999999999976	0.015624999999999976	0.015624999999999976	0.015624999999999976	0.015624999999999976	0.015624999999999976	0.015624999999999976	0.015624999999999976	0.015624999999999976	0.015624999999999976	0.015624999999999976	0.015624999999999976	0.015624999999999976	0.015624999999999976	0.015624999999999976	0.015624999999999976	0.015624999999999976	0.015624999999999976	0.015624999999999976	0.015624999999999976	0.015624999999999976	0.015624999999999976	0.015624999999999976	0.015624999999999976	0.015624999999999976	0.015624999999999976	0.015624999999999976	0.015624999999999976	0.015624999999999976	0.015624999999999976	0.015624999999999976	0.015624999999999976	0.015624999999999976
14.0	2.2191154605774107e-05	0.9986019572598348	2.2191154605774107e-05	2.2191154605774107e-05	2.2191154605774107e-05	2.2191154605774107e-05	2.2191154605774107e-05	2.2191154605774107e-05	2.2191154605774107e-05	2.2191154605774107e-05	2.2191154605774107e-05	2.2191154605774107e-05	2.2191154605774107e-05	2.2191154605774107e-05	2.2191154605774107e-05	2.2191154605774107e-05	2.2191154605774107e-05	2.2191154605774107e-05	2.2191154605774107e-05	2.2191154605774107e-05	2.2191154605774107e-05	2.2191154605774107e-05	2.2191154605774107e-05	2.2191154605774107e-05	2.2191154605774107e-05	2.2191154605774107e-05	2.2191154605774107e-05	2.2191154605774107e-05	2.2191154605774107e-05	2.2191154605774107e-05	2.2191154605774107e-05	2.2191154605774107e-05	2.2191154605774107e-05	2.2191154605774107e-05	2.2191154605774107e-05	2.2191154605774107e-05	2.2191154605774107e-05	2.2191154605774107e-05	2.2191154605774107e-05	2.2191154605774107e-05	2.2191154605774107e-05	2.2191154605774107e-05	2.2191154605774107e-05	2.2191154605774107e-05	2.2191154605774107e-05	2.2191154605774107e-05	2.2191154605774107e-05	2.2191154605774107e-05	2.2191154605774107e-05	2.2191154605774107e-05	2.2191154605774107e-05	2.2191154605774107e-05	2.2191154605774107e-05	2.2191154605774107e-05	2.2191154605774107e-05	2.2191154605774107e-05	2.2191154605774107e-05	2.2191154605774107e-05	2.2191154605774107e-05	2.2191154605774107e-05	2.2191154605774107e-05	2.2191154605774107e-05	2.2191154605774107e-05	2.2191154605774107e-05
18.0	0.015624999999999976	0.015624999999999976	0.015624999999999976	0.015624999999999976	0.015624999999999976	0.015624999999999976	0.015624999999999976	0.015624999999999976	0.015624999999999976	0.015624999999999976	0.015624999999999976	0.015624999999999976	0.015624999999999976	0.015624999999999976	0.015624999999999976	0.015624999999999976	0.015624999999999976	0.015624999999999976	0.015624999999999976	0.015624999999999976	0.015624999999999976	0.015624999999999976	0.015624999999999976	0.015624999999999976	0.015624999999999976	0.015624999999999976	0.015624999999999976	0.015624999999999976	0.015624999999999976	0.015624999999999976	0.015624999999999976	0.015624999999999976	0.015624999999999976	0.015624999999999976	0.015624999999999976	0.015624999999999976	0.015624999999999976	0.015624999999999976	0.015624999999999976	0.015624999999999976	0.015624999999999976	0.015624999999999976	0.015624999999999976	0.015624999999999976	0.015624999999999976	0.015624999999999976	0.015624999999999976	0.015624999999999976	0.015624999999999976	0.015624999999999976	0.015624999999999976	0.015624999999999976	0.015624999999999976	0.015624999999999976	0.015624999999999976	0.015624999999999976	0.015624999999999976	0.015624999999999976	0.015624999999999976	0.015624999999999976	0.015624999999999976	0.015624999999999976	0.015624999999999976	0.015624999999999976
19.0	0.015624999999999976	0.015624999999999976	0.015624999999999976	0.015624999999999976	0.015624999999999976	0.015624999999999976	0.015624999999999976	0.015624999999999976	0.015624999999999976	0.015624999999999976	0.015624999999999976	0.015624999999999976	0.015624999999999976	0.015624999999999976	0.015624999999999976	0.015624999999999976	0.015624999999999976	0.015624999999999976	0.015624999999999976	0.015624999999999976	0.015624999999999976	0.015624999999999976	0.015624999999999976	0.015624999999999976	0.015624999999999976	0.015624999999999976	0.015624999999999976	0.015624999999999976	0.015624999999999976	0.015624999999999976	0.015624999999999976	0.015624999999999976	0.015624999999999976	0.015624999999999976	0.015624999999999976	0.015624999999999976	0.015624999999999976	0.015624999999999976	0.015624999999999976	0.015624999999999976	0.015624999999999976	0.015624999999999976	0.015624999999999976	0.015624999999999976	0.015624999999999976	0.015624999999999976	0.015624999999999976	0.015624999999999976	0.015624999999999976	0.015624999999999976	0.015624999999999976	0.015624999999999976	0.015624999999999976	0.015624999999999976	0.015624999999999976	0.015624999999999976	0.015624999999999976	0.015624999999999976	0.015624999999999976	0.015624999999999976	0.015624999999999976	0.015624999999999976	0.015624999999999976	0.015624999999999976
20.0	2.496068691810395e-05	2.496068691810395e-05	2.496068691810395e-05	2.496068691810395e-05	2.496068691810395e-05	2.496068691810395e-05	2.496068691810395e-05	2.496068691810395e-05	0.998427476724158	2.496068691810395e-05	2.496068691810395e-05	2.496068691810395e-05	2.496068691810395e-05	2.496068691810395e-05	2.496068691810395e-05	2.496068691810395e-05	2.496068691810395e-05	2.496068691810395e-05	2.496068691810395e-05	2.496068691810395e-05	2.496068691810395e-05	2.496068691810395e-05	2.496068691810395e-05	2.496068691810395e-05	2.496068691810395e-05	2.496068691810395e-05	2.496068691810395e-05	2.496068691810395e-05	2.496068691810395e-05	2.496068691810395e-05	2.496068691810395e-05	2.496068691810395e-05	2.496068691810395e-05	2.496068691810395e-05	2.496068691810395e-05	2.496068691810395e-05	2.496068691810395e-05	2.496068691810395e-05	2.496068691810395e-05	2.496068691810395e-05	2.496068691810395e-05	2.496068691810395e-05	2.496068691810395e-05	2.496068691810395e-05	2.496068691810395e-05	2.496068691810395e-05	2.496068691810395e-05	2.496068691810395e-05	2.496068691810395e-05	2.496068691810395e-05	2.496068691810395e-05	2.496068691810395e-05	2.496068691810395e-05	2.496068691810395e-05	2.496068691810395e-05	2.496068691810395e-05	2.496068691810395e-05	2.496068691810395e-05	2.496068691810395e-05	2.496068691810395e-05	2.496068691810395e-05	2.496068691810395e-05	2.496068691810395e-05	2.496068691810395e-05
22.0	8.446445313489791e-06	8.446445313489791e-06	8.446445313489791e-06	8.446445313489791e-06	8.446445313489791e-06	8.446445313489791e-06	8.446445313489791e-06	8.446445313489791e-06	0.999467873945247	8.446445313489791e-06	8.446445313489791e-06	8.446445313489791e-06	8.446445313489791e-06	8.446445313489791e-06	8.446445313489791e-06	8.446445313489791e-06	8.446445313489791e-06	8.446445313489791e-06	8.446445313489791e-06	8.446445313489791e-06	8.446445313489791e-06	8.446445313489791e-06	8.446445313489791e-06	8.446445313489791e-06	8.446445313489791e-06	8.446445313489791e-06	8.446445313489791e-06	8.446445313489791e-06	8.446445313489791e-06	8.446445313489791e-06	8.446445313489791e-06	8.446445313489791e-06	8.446445313489791e-06	8.446445313489791e-06	8.446445313489791e-06	8.446445313489791e-06	8.446445313489791e-06	8.446445313489791e-06	8.446445313489791e-06	8.446445313489791e-06	8.446445313489791e-06	8.446445313489791e-06	8.446445313489791e-06	8.446445313489791e-06	8.446445313489791e-06	8.446445313489791e-06	8.446445313489791e-06	8.446445313489791e-06	8.446445313489791e-06	8.446445313489791e-06	8.446445313489791e-06	8.446445313489791e-06	8.446445313489791e-06	8.446445313489791e-06	8.446445313489791e-06	8.446445313489791e-06	8.446445313489791e-06	8.446445313489791e-06	8.446445313489791e-06	8.446445313489791e-06	8.446445313489791e-06	8.446445313489791e-06	8.446445313489791e-06	8.446445313489791e-06
23.0	0.015624999999999976	0.015624999999999976	0.015624999999999976	0.015624999999999976	0.015624999999999976	0.015624999999999976	0.015624999999999976	0.015624999999999976	0.015624999999999976	0.015624999999999976	0.015624999999999976	0.015624999999999976	0.015624999999999976	0.015624999999999976	0.015624999999999976	0.015624999999999976	0.015624999999999976	0.015624999999999976	0.015624999999999976	0.015624999999999976	0.015624999999999976	0.015624999999999976	0.015624999999999976	0.015624999999999976	0.015624999999999976	0.015624999999999976	0.015624999999999976	0.015624999999999976	0.015624999999999976	0.015624999999999976	0.015624999999999976	0.015624999999999976	0.015624999999999976	0.015624999999999976	0.015624999999999976	0.015624999999999976	0.015624999999999976	0.015624999999999976	0.015624999999999976	0.015624999999999976	0.015624999999999976	0.015624999999999976	0.015624999999999976	0.015624999999999976	0.015624999999999976	0.015624999999999976	0.015624999999999976	0.015624999999999976	0.015624999999999976	0.015624999999999976	0.015624999999999976	0.015624999999999976	0.015624999999999976	0.015624999999999976	0.015624999999999976	0.015624999999999976	0.015624999999999976	0.015624999999999976	0.015624999999999976	0.015624999999999976	0.015624999999999976	0.015624999999999976	0.015624999999999976	0.015624999999999976
24.0	0.015624999999999976	0.015624999999999976	0.015624999999999976	0.015624999999999976	0.015624999999999976	0.015624999999999976	0.015624999999999976	0.015624999999999976	0.015624999999999976	0.015624999999999976	0.015624999999999976	0.015624999999999976	0.015624999999999976	0.015624999999999976	0.015624999999999976	0.015624999999999976	0.015624999999999976	0.015624999999999976	0.015624999999999976	0.015624999999999976	0.015624999999999976	0.015624999999999976	0.015624999999999976	0.015624999999999976	0.015624999999999976	0.015624999999999976	0.015624999999999976	0.015624999999999976	0.015624999999999976	0.015624999999999976	0.015624999999999976	0.015624999999999976	0.015624999999999976	0.015624999999999976	0.015624999999999976	0.015624999999999976	0.015624999999999976	0.015624999999999976	0.015624999999999976	0.015624999999999976	0.015624999999999976	0.015624999999999976	0.015624999999999976	0.015624999999999976	0.015624999999999976	0.015624999999999976	0.015624999999999976	0.015624999999999976	0.015624999999999976	0.015624999999999976	0.015624999999999976	0.015624999999999976	0.015624999999999976	0.015624999999999976	0.015624999999999976	0.015624999999999976	0.015624999999999976	0.015624999999999976	0.015624999999999976	0.015624999999999976	0.015624999999999976	0.015624999999999976	0.015624999999999976	0.015624999999999976
25.0	0.015624999999999976	0.015624999999999976	0.015624999999999976	0.015624999999999976	0.015624999999999976	0.015624999999999976	0.015624999999999976	0.015624999999999976	0.015624999999999976	0.015624999999999976	0.015624999999999976	0.015624999999999976	0.015624999999999976	0.015624999999999976	0.015624999999999976	0.015624999999999976	0.015624999999999976	0.015624999999999976	0.015624999999999976	0.015624999999999976	0.015624999999999976	0.015624999999999976	0.015624999999999976	0.015624999999999976	0.015624999999999976	0.015624999999999976	0.015624999999999976	0.015624999999999976	0.015624999999999976	0.015624999999999976	0.015624999999999976	0.015624999999999976	0.015624999999999976	0.015624999999999976	0.015624999999999976	0.015624999999999976	0.015624999999999976	0.015624999999999976	0.015624999999999976	0.015624999999999976	0.015624999999999976	0.015624999999999976	0.015624999999999976	0.015624999999999976	0.015624999999999976	0.015624999999999976	0.015624999999999976	0.015624999999999976	0.015624999999999976	0.015624999999999976	0.015624999999999976	0.015624999999999976	0.015624999999999976	0.015624999999999976	0.015624999999999976	0.015624999999999976	0.015624999999999976	0.015624999999999976	0.015624999999999976	0.015624999999999976	0.015624999999999976	0.015624999999999976	0.015624999999999976	0.015624999999999976
26.0	0.015624999999999976	0.015624999999999976	0.015624999999999976	0.015624999999999976	0.015624999999999976	0.015624999999999976	0.015624999999999976	0.015624999999999976	0.015624999999999976	0.015624999999999976	0.015624999999999976	0.015624999999999976	0.015624999999999976	0.015624999999999976	0.015624999999999976	0.015624999999999976	0.015624999999999976	0.015624999999999976	0.015624999999999976	0.015624999999999976	0.015624999999999976	0.015624999999999976	0.015624999999999976	0.015624999999999976	0.015624999999999976	0.015624999999999976	0.015624999999999976	0.015624999999999976	0.015624999999999976	0.015624999999999976	0.015624999999999976	0.015624999999999976	0.015624999999999976	0.015624999999999976	0.015624999999999976	0.015624999999999976	0.015624999999999976	0.015624999999999976	0.015624999999999976	0.015624999999999976	0.015624999999999976	0.015624999999999976	0.015624999999999976	0.015624999999999976	0.015624999999999976	0.015624999999999976	0.015624999999999976	0.015624999999999976	0.015624999999999976	0.015624999999999976	0.015624999999999976	0.015624999999999976	0.015624999999999976	0.015624999999999976	0.015624999999999976	0.015624999999999976	0.015624999999999976	0.015624999999999976	0.015624999999999976	0.015624999999999976	0.015624999999999976	0.015624999999999976	0.015624999999999976	0.015624999999999976
30.0	1.7398112304815006e-05	1.7398112304815006e-05	1.7398112304815006e-05	1.7398112304815006e-05	1.7398112304815006e-05	1.7398112304815006e-05	1.7398112304815006e-05	1.7398112304815006e-05	0.998903918924801	1.7398112304815006e-05	1.7398112304815006e-05	1.7398112304815006e-05	1.7398112304815006e-05	1.7398112304815006e-05	1.7398112304815006e-05	1.7398112304815006e-05	1.7398112304815006e-05	1.7398112304815006e-05	1.7398112304815006e-05	1.7398112304815006e-05	1.7398112304815006e-05	1.7398112304815006e-05	1.7398112304815006e-05	1.7398112304815006e-05	1.7398112304815006e-05	1.7398112304815006e-05	1.7398112304815006e-05	1.7398112304815006e-05	1.7398112304815006e-05	1.7398112304815006e-05	1.7398112304815006e-05	1.7398112304815006e-05	1.7398112304815006e-05	1.7398112304815006e-05	1.7398112304815006e-05	1.7398112304815006e-05	1.7398112304815006e-05	1.7398112304815006e-05	1.7398112304815006e-05	1.7398112304815006e-05	1.7398112304815006e-05	1.7398112304815006e-05	1.7398112304815006e-05	1.7398112304815006e-05	1.7398112304815006e-05	1.7398112304815006e-05	1.7398112304815006e-05	1.7398112304815006e-05	1.7398112304815006e-05	1.7398112304815006e-05	1.7398112304815006e-05	1.7398112304815006e-05	1.7398112304815006e-05	1.7398112304815006e-05	1.7398112304815006e-05	1.7398112304815006e-05	1.7398112304815006e-05	1.7398112304815006e-05	1.7398112304815006e-05	1.7398112304815006e-05	1.7398112304815006e-05	1.7398112304815006e-05	1.7398112304815006e-05	1.7398112304815006e-05
51.0	0.015624999999999976	0.015624999999999976	0.015624999999999976	0.015624999999999976	0.015624999999999976	0.015624999999999976	0.015624999999999976	0.015624999999999976	0.015624999999999976	0.015624999999999976	0.015624999999999976	0.015624999999999976	0.015624999999999976	0.015624999999999976	0.015624999999999976	0.015624999999999976	0.015624999999999976	0.015624999999999976	0.015624999999999976	0.015624999999999976	0.015624999999999976	0.015624999999999976	0.015624999999999976	0.015624999999999976	0.015624999999999976	0.015624999999999976	0.015624999999999976	0.015624999999999976	0.015624999999999976	0.015624999999999976	0.015624999999999976	0.015624999999999976	0.015624999999999976	0.015624999999999976	0.015624999999999976	0.015624999999999976	0.015624999999999976	0.015624999999999976	0.015624999999999976	0.015624999999999976	0.015624999999999976	0.015624999999999976	0.015624999999999976	0.015624999999999976	0.015624999999999976	0.015624999999999976	0.015624999999999976	0.015624999999999976	0.015624999999999976	0.015624999999999976	0.015624999999999976	0.015624999999999976	0.015624999999999976	0.015624999999999976	0.015624999999999976	0.015624999999999976	0.015624999999999976	0.015624999999999976	0.015624999999999976	0.015624999999999976	0.015624999999999976	0.015624999999999976	0.015624999999999976	0.015624999999999976
55.0	0.015624999999999976	0.015624999999999976	0.015624999999999976	0.015624999999999976	0.015624999999999976	0.015624999999999976	0.015624999999999976	0.015624999999999976	0.015624999999999976	0.015624999999999976	0.015624999999999976	0.015624999999999976	0.015624999999999976	0.015624999999999976	0.015624999999999976	0.015624999999999976	0.015624999999999976	0.015624999999999976	0.015624999999999976	0.015624999999999976	0.015624999999999976	0.015624999999999976	0.015624999999999976	0.015624999999999976	0.015624999999999976	0.015624999999999976	0.015624999999999976	0.015624999999999976	0.015624999999999976	0.015624999999999976	0.015624999999999976	0.015624999999999976	0.015624999999999976	0.015624999999999976	0.015624999999999976	0.015624999999999976	0.015624999999999976	0.015624999999999976	0.015624999999999976	0.015624999999999976	0.015624999999999976	0.015624999999999976	0.015624999999999976	0.015624999999999976	0.015624999999999976	0.015624999999999976	0.015624999999999976	0.015624999999999976	0.015624999999999976	0.015624999999999976	0.015624999999999976	0.015624999999999976	0.015624999999999976	0.015624999999999976	0.015624999999999976	0.015624999999999976	0.015624999999999976	0.015624999999999976	0.015624999999999976	0.015624999999999976	0.015624999999999976	0.015624999999999976	0.015624999999999976	0.015624999999999976
58.0	0.015624999999999976	0.015624999999999976	0.015624999999999976	0.015624999999999976	0.015624999999999976	0.015624999999999976	0.015624999999999976	0.015624999999999976	0.015624999999999976	0.015624999999999976	0.015624999999999976	0.015624999999999976	0.015624999999999976	0.015624999999999976	0.015624999999999976	0.015624999999999976	0.015624999999999976	0.015624999999999976	0.015624999999999976	0.015624999999999976	0.015624999999999976	0.015624999999999976	0.015624999999999976	0.015624999999999976	0.015624999999999976	0.015624999999999976	0.015624999999999976	0.015624999999999976	0.015624999999999976	0.015624999999999976	0.015624999999999976	0.015624999999999976	0.015624999999999976	0.015624999999999976	0.015624999999999976	0.015624999999999976	0.015624999999999976	0.015624999999999976	0.015624999999999976	0.015624999999999976	0.015624999999999976	0.015624999999999976	0.015624999999999976	0.015624999999999976	0.015624999999999976	0.015624999999999976	0.015624999999999976	0.015624999999999976	0.015624999999999976	0.015624999999999976	0.015624999999999976	0.015624999999999976	0.015624999999999976	0.015624999999999976	0.015624999999999976	0.015624999999999976	0.015624999999999976	0.015624999999999976	0.015624999999999976	0.015624999999999976	0.015624999999999976	0.015624999999999976	0.015624999999999976	0.015624999999999976
76.0	0.015624999999999976	0.015624999999999976	0.015624999999999976	0.015624999999999976	0.015624999999999976	0.015624999999999976	0.015624999999999976	0.015624999999999976	0.015624999999999976	0.015624999999999976	0.015624999999999976	0.015624999999999976	0.015624999999999976	0.015624999999999976	0.015624999999999976	0.015624999999999976	0.015624999999999976	0.015624999999999976	0.015624999999999976	0.015624999999999976	0.015624999999999976	0.015624999999999976	0.015624999999999976	0.015624999999999976	0.015624999999999976	0.015624999999999976	0.015624999999999976	0.015624999999999976	0.015624999999999976	0.015624999999999976	0.015624999999999976	0.015624999999999976	0.015624999999999976	0.015624999999999976	0.015624999999999976	0.015624999999999976	0.015624999999999976	0.015624999999999976	0.015624999999999976	0.015624999999999976	0.015624999999999976	0.015624999999999976	0.015624999999999976	0.015624999999999976	0.015624999999999976	0.015624999999999976	0.015624999999999976	0.015624999999999976	0.015624999999999976	0.015624999999999976	0.015624999999999976	0.015624999999999976	0.015624999999999976	0.015624999999999976	0.015624999999999976	0.015624999999999976	0.015624999999999976	0.015624999999999976	0.015624999999999976	0.015624999999999976	0.015624999999999976	0.015624999999999976	0.015624999999999976	0.015624999999999976
85.0	0.015624999999999976	0.015624999999999976	0.015624999999999976	0.015624999999999976	0.015624999999999976	0.015624999999999976	0.015624999999999976	0.015624999999999976	0.015624999999999976	0.015624999999999976	0.015624999999999976	0.015624999999999976	0.015624999999999976	0.015624999999999976	0.015624999999999976	0.015624999999999976	0.015624999999999976	0.015624999999999976	0.015624999999999976	0.015624999999999976	0.015624999999999976	0.015624999999999976	0.015624999999999976	0.015624999999999976	0.015624999999999976	0.015624999999999976	0.015624999999999976	0.015624999999999976	0.015624999999999976	0.015624999999999976	0.015624999999999976	0.015624999999999976	0.015624999999999976	0.015624999999999976	0.015624999999999976	0.015624999999999976	0.015624999999999976	0.015624999999999976	0.015624999999999976	0.015624999999999976	0.015624999999999976	0.015624999999999976	0.015624999999999976	0.015624999999999976	0.015624999999999976	0.015624999999999976	0.015624999999999976	0.015624999999999976	0.015624999999999976	0.015624999999999976	0.015624999999999976	0.015624999999999976	0.015624999999999976	0.015624999999999976	0.015624999999999976	0.015624999999999976	0.015624999999999976	0.015624999999999976	0.015624999999999976	0.015624999999999976	0.015624999999999976	0.015624999999999976	0.015624999999999976	0.015624999999999976
88.0	0.015624999999999976	0.015624999999999976	0.015624999999999976	0.015624999999999976	0.015624999999999976	0.015624999999999976	0.015624999999999976	0.015624999999999976	0.015624999999999976	0.015624999999999976	0.015624999999999976	0.015624999999999976	0.015624999999999976	0.015624999999999976	0.015624999999999976	0.015624999999999976	0.015624999999999976	0.015624999999999976	0.015624999999999976	0.015624999999999976	0.015624999999999976	0.015624999999999976	0.015624999999999976	0.015624999999999976	0.015624999999999976	0.015624999999999976	0.015624999999999976	0.015624999999999976	0.015624999999999976	0.015624999999999976	0.015624999999999976	0.015624999999999976	0.015624999999999976	0.015624999999999976	0.015624999999999976	0.015624999999999976	0.015624999999999976	0.015624999999999976	0.015624999999999976	0.015624999999999976	0.015624999999999976	0.015624999999999976	0.015624999999999976	0.015624999999999976	0.015624999999999976	0.015624999999999976	0.015624999999999976	0.015624999999999976	0.015624999999999976	0.015624999999999976	0.015624999999999976	0.015624999999999976	0.015624999999999976	0.015624999999999976	0.015624999999999976	0.015624999999999976	0.015624999999999976	0.015624999999999976	0.015624999999999976	0.015624999999999976	0.015624999999999976	0.015624999999999976	0.015624999999999976	0.015624999999999976
89.0	0.015624999999999976	0.015624999999999976	0.015624999999999976	0.015624999999999976	0.015624999999999976	0.015624999999999976	0.015624999999999976	0.015624999999999976	0.015624999999999976	0.015624999999999976	0.015624999999999976	0.015624999999999976	0.015624999999999976	0.015624999999999976	0.015624999999999976	0.015624999999999976	0.015624999999999976	0.015624999999999976	0.015624999999999976	0.015624999999999976	0.015624999999999976	0.015624999999999976	0.015624999999999976	0.015624999999999976	0.015624999999999976	0.015624999999999976	0.015624999999999976	0.015624999999999976	0.015624999999999976	0.015624999999999976	0.015624999999999976	0.015624999999999976	0.015624999999999976	0.015624999999999976	0.015624999999999976	0.015624999999999976	0.015624999999999976	0.015624999999999976	0.015624999999999976	0.015624999999999976	0.015624999999999976	0.015624999999999976	0.015624999999999976	0.015624999999999976	0.015624999999999976	0.015624999999999976	0.015624999999999976	0.015624999999999976	0.015624999999999976	0.015624999999999976	0.015624999999999976	0.015624999999999976	0.015624999999999976	0.015624999999999976	0.015624999999999976	0.015624999999999976	0.015624999999999976	0.015624999999999976	0.015624999999999976	0.015624999999999976	0.015624999999999976	0.015624999999999976	0.015624999999999976	0.015624999999999976
99.0	0.015624999999999976	0.015624999999999976	0.015624999999999976	0.015624999999999976	0.015624999999999976	0.015624999999999976	0.015624999999999976	0.015624999999999976	0.015624999999999976	0.015624999999999976	0.015624999999999976	0.015624999999999976	0.015624999999999976	0.015624999999999976	0.015624999999999976	0.015624999999999976	0.015624999999999976	0.015624999999999976	0.015624999999999976	0.015624999999999976	0.015624999999999976	0.015624999999999976	0.015624999999999976	0.015624999999999976	0.015624999999999976	0.015624999999999976	0.015624999999999976	0.015624999999999976	0.015624999999999976	0.015624999999999976	0.015624999999999976	0.015624999999999976	0.015624999999999976	0.015624999999999976	0.015624999999999976	0.015624999999999976	0.015624999999999976	0.015624999999999976	0.015624999999999976	0.015624999999999976	0.015624999999999976	0.015624999999999976	0.015624999999999976	0.015624999999999976	0.015624999999999976	0.015624999999999976	0.015624999999999976	0.015624999999999976	0.015624999999999976	0.015624999999999976	0.015624999999999976	0.015624999999999976	0.015624999999999976	0.015624999999999976	0.015624999999999976	0.015624999999999976	0.015624999999999976	0.015624999999999976	0.015624999999999976	0.015624999999999976	0.015624999999999976	0.015624999999999976	0.015624999999999976	0.015624999999999976
107.0	0.015624999999999976	0.015624999999999976	0.015624999999999976	0.015624999999999976	0.015624999999999976	0.015624999999999976	0.015624999999999976	0.015624999999999976	0.015624999999999976	0.015624999999999976	0.015624999999999976	0.015624999999999976	0.015624999999999976	0.015624999999999976	0.015624999999999976	0.015624999999999976	0.015624999999999976	0.015624999999999976	0.015624999999999976	0.015624999999999976	0.015624999999999976	0.015624999999999976	0.015624999999999976	0.015624999999999976	0.015624999999999976	0.015624999999999976	0.015624999999999976	0.015624999999999976	0.015624999999999976	0.015624999999999976	0.015624999999999976	0.015624999999999976	0.015624999999999976	0.015624999999999976	0.015624999999999976	0.015624999999999976	0.015624999999999976	0.015624999999999976	0.015624999999999976	0.015624999999999976	0.015624999999999976	0.015624999999999976	0.015624999999999976	0.015624999999999976	0.015624999999999976	0.015624999999999976	0.015624999999999976	0.015624999999999976	0.015624999999999976	0.015624999999999976	0.015624999999999976	0.015624999999999976	0.015624999999999976	0.015624999999999976	0.015624999999999976	0.015624999999999976	0.015624999999999976	0.015624999999999976	0.015624999999999976	0.015624999999999976	0.015624999999999976	0.015624999999999976	0.015624999999999976	0.015624999999999976
108.0	0.015624999999999976	0.015624999999999976	0.015624999999999976	0.015624999999999976	0.015624999999999976	0.015624999999999976	0.015624999999999976	0.015624999999999976	0.015624999999999976	0.015624999999999976	0.015624999999999976	0.015624999999999976	0.015624999999999976	0.015624999999999976	0.015624999999999976	0.015624999999999976	0.015624999999999976	0.015624999999999976	0.015624999999999976	0.015624999999999976	0.015624999999999976	0.015624999999999976	0.015624999999999976	0.015624999999999976	0.015624999999999976	0.015624999999999976	0.015624999999999976	0.015624999999999976	0.015624999999999976	0.015624999999999976	0.015624999999999976	0.015624999999999976	0.015624999999999976	0.015624999999999976	0.015624999999999976	0.015624999999999976	0.015624999999999976	0.015624999999999976	0.015624999999999976	0.015624999999999976	0.015624999999999976	0.015624999999999976	0.015624999999999976	0.015624999999999976	0.015624999999999976	0.015624999999999976	0.015624999999999976	0.015624999999999976	0.015624999999999976	0.015624999999999976	0.015624999999999976	0.015624999999999976	0.015624999999999976	0.015624999999999976	0.015624999999999976	0.015624999999999976	0.015624999999999976	0.015624999999999976	0.015624999999999976	0.015624999999999976	0.015624999999999976	0.015624999999999976	0.015624999999999976	0.015624999999999976
109.0	0.015624999999999976	0.015624999999999976	0.015624999999999976	0.015624999999999976	0.015624999999999976	0.015624999999999976	0.015624999999999976	0.015624999999999976	0.015624999999999976	0.015624999999999976	0.015624999999999976	0.015624999999999976	0.015624999999999976	0.015624999999999976	0.015624999999999976	0.015624999999999976	0.015624999999999976	0.015624999999999976	0.015624999999999976	0.015624999999999976	0.015624999999999976	0.015624999999999976	0.015624999999999976	0.015624999999999976	0.015624999999999976	0.015624999999999976	0.015624999999999976	0.015624999999999976	0.015624999999999976	0.015624999999999976	0.015624999999999976	0.015624999999999976	0.015624999999999976	0.015624999999999976	0.015624999999999976	0.015624999999999976	0.015624999999999976	0.015624999999999976	0.015624999999999976	0.015624999999999976	0.015624999999999976	0.015624999999999976	0.015624999999999976	0.015624999999999976	0.015624999999999976	0.015624999999999976	0.015624999999999976	0.015624999999999976	0.015624999999999976	0.015624999999999976	0.015624999999999976	0.015624999999999976	0.015624999999999976	0.015624999999999976	0.015624999999999976	0.015624999999999976	0.015624999999999976	0.015624999999999976	0.015624999999999976	0.015624999999999976	0.015624999999999976	0.015624999999999976	0.015624999999999976	0.015624999999999976
110.0	0.015624999999999976	0.015624999999999976	0.015624999999999976	0.015624999999999976	0.015624999999999976	0.015624999999999976	0.015624999999999976	0.015624999999999976	0.015624999999999976	0.015624999999999976	0.015624999999999976	0.015624999999999976	0.015624999999999976	0.015624999999999976	0.015624999999999976	0.015624999999999976	0.015624999999999976	0.015624999999999976	0.015624999999999976	0.015624999999999976	0.015624999999999976	0.015624999999999976	0.015624999999999976	0.015624999999999976	0.015624999999999976	0.015624999999999976	0.015624999999999976	0.015624999999999976	0.015624999999999976	0.015624999999999976	0.015624999999999976	0.015624999999999976	0.015624999999999976	0.015624999999999976	0.015624999999999976	0.015624999999999976	0.015624999999999976	0.015624999999999976	0.015624999999999976	0.015624999999999976	0.015624999999999976	0.015624999999999976	0.015624999999999976	0.015624999999999976	0.015624999999999976	0.015624999999999976	0.015624999999999976	0.015624999999999976	0.015624999999999976	0.015624999999999976	0.015624999999999976	0.015624999999999976	0.015624999999999976	0.015624999999999976	0.015624999999999976	0.015624999999999976	0.015624999999999976	0.015624999999999976	0.015624999999999976	0.015624999999999976	0.015624999999999976	0.015624999999999976	0.015624999999999976	0.015624999999999976
111.0	0.015624999999999976	0.015624999999999976	0.015624999999999976	0.015624999999999976	0.015624999999999976	0.015624999999999976	0.015624999999999976	0.015624999999999976	0.015624999999999976	0.015624999999999976	0.015624999999999976	0.015624999999999976	0.015624999999999976	0.015624999999999976	0.015624999999999976	0.015624999999999976	0.015624999999999976	0.015624999999999976	0.015624999999999976	0.015624999999999976	0.015624999999999976	0.015624999999999976	0.015624999999999976	0.015624999999999976	0.015624999999999976	0.015624999999999976	0.015624999999999976	0.015624999999999976	0.015624999999999976	0.015624999999999976	0.015624999999999976	0.015624999999999976	0.015624999999999976	0.015624999999999976	0.015624999999999976	0.015624999999999976	0.015624999999999976	0.015624999999999976	0.015624999999999976	0.015624999999999976	0.015624999999999976	0.015624999999999976	0.015624999999999976	0.015624999999999976	0.015624999999999976	0.015624999999999976	0.015624999999999976	0.015624999999999976	0.015624999999999976	0.015624999999999976	0.015624999999999976	0.015624999999999976	0.015624999999999976	0.015624999999999976	0.015624999999999976	0.015624999999999976	0.015624999999999976	0.015624999999999976	0.015624999999999976	0.015624999999999976	0.015624999999999976	0.015624999999999976	0.015624999999999976	0.015624999999999976
12.0	0.015624999999999976	0.015624999999999976	0.015624999999999976	0.015624999999999976	0.015624999999999976	0.015624999999999976	0.015624999999999976	0.015624999999999976	0.015624999999999976	0.015624999999999976	0.015624999999999976	0.015624999999999976	0.015624999999999976	0.015624999999999976	0.015624999999999976	0.015624999999999976	0.015624999999999976	0.015624999999999976	0.015624999999999976	0.015624999999999976	0.015624999999999976	0.015624999999999976	0.015624999999999976	0.015624999999999976	0.015624999999999976	0.015624999999999976	0.015624999999999976	0.015624999999999976	0.015624999999999976	0.015624999999999976	0.015624999999999976	0.015624999999999976	0.015624999999999976	0.015624999999999976	0.015624999999999976	0.015624999999999976	0.015624999999999976	0.015624999999999976	0.015624999999999976	0.015624999999999976	0.015624999999999976	0.015624999999999976	0.015624999999999976	0.015624999999999976	0.015624999999999976	0.015624999999999976	0.015624999999999976	0.015624999999999976	0.015624999999999976	0.015624999999999976	0.015624999999999976	0.015624999999999976	0.015624999999999976	0.015624999999999976	0.015624999999999976	0.015624999999999976	0.015624999999999976	0.015624999999999976	0.015624999999999976	0.015624999999999976	0.015624999999999976	0.015624999999999976	0.015624999999999976	0.015624999999999976
82.0	0.015624999999999976	0.015624999999999976	0.015624999999999976	0.015624999999999976	0.015624999999999976	0.015624999999999976	0.015624999999999976	0.015624999999999976	0.015624999999999976	0.015624999999999976	0.015624999999999976	0.015624999999999976	0.015624999999999976	0.015624999999999976	0.015624999999999976	0.015624999999999976	0.015624999999999976	0.015624999999999976	0.015624999999999976	0.015624999999999976	0.015624999999999976	0.015624999999999976	0.015624999999999976	0.015624999999999976	0.015624999999999976	0.015624999999999976	0.015624999999999976	0.015624999999999976	0.015624999999999976	0.015624999999999976	0.015624999999999976	0.015624999999999976	0.015624999999999976	0.015624999999999976	0.015624999999999976	0.015624999999999976	0.015624999999999976	0.015624999999999976	0.015624999999999976	0.015624999999999976	0.015624999999999976	0.015624999999999976	0.015624999999999976	0.015624999999999976	0.015624999999999976	0.015624999999999976	0.015624999999999976	0.015624999999999976	0.015624999999999976	0.015624999999999976	0.015624999999999976	0.015624999999999976	0.015624999999999976	0.015624999999999976	0.015624999999999976	0.015624999999999976	0.015624999999999976	0.015624999999999976	0.015624999999999976	0.015624999999999976	0.015624999999999976	0.015624999999999976	0.015624999999999976	0.015624999999999976
142.0	0.015624999999999976	0.015624999999999976	0.015624999999999976	0.015624999999999976	0.015624999999999976	0.015624999999999976	0.015624999999999976	0.015624999999999976	0.015624999999999976	0.015624999999999976	0.015624999999999976	0.015624999999999976	0.015624999999999976	0.015624999999999976	0.015624999999999976	0.015624999999999976	0.015624999999999976	0.015624999999999976	0.015624999999999976	0.015624999999999976	0.015624999999999976	0.015624999999999976	0.015624999999999976	0.015624999999999976	0.015624999999999976	0.015624999999999976	0.015624999999999976	0.015624999999999976	0.015624999999999976	0.015624999999999976	0.015624999999999976	0.015624999999999976	0.015624999999999976	0.015624999999999976	0.015624999999999976	0.015624999999999976	0.015624999999999976	0.015624999999999976	0.015624999999999976	0.015624999999999976	0.015624999999999976	0.015624999999999976	0.015624999999999976	0.015624999999999976	0.015624999999999976	0.015624999999999976	0.015624999999999976	0.015624999999999976	0.015624999999999976	0.015624999999999976	0.015624999999999976	0.015624999999999976	0.015624999999999976	0.015624999999999976	0.015624999999999976	0.015624999999999976	0.015624999999999976	0.015624999999999976	0.015624999999999976	0.015624999999999976	0.015624999999999976	0.015624999999999976	0.015624999999999976	0.015624999999999976
152.0	0.015624999999999976	0.015624999999999976	0.015624999999999976	0.015624999999999976	0.015624999999999976	0.015624999999999976	0.015624999999999976	0.015624999999999976	0.015624999999999976	0.015624999999999976	0.015624999999999976	0.015624999999999976	0.015624999999999976	0.015624999999999976	0.015624999999999976	0.015624999999999976	0.015624999999999976	0.015624999999999976	0.015624999999999976	0.015624999999999976	0.015624999999999976	0.015624999999999976	0.015624999999999976	0.015624999999999976	0.015624999999999976	0.015624999999999976	0.015624999999999976	0.015624999999999976	0.015624999999999976	0.015624999999999976	0.015624999999999976	0.015624999999999976	0.015624999999999976	0.015624999999999976	0.015624999999999976	0.015624999999999976	0.015624999999999976	0.015624999999999976	0.015624999999999976	0.015624999999999976	0.015624999999999976	0.015624999999999976	0.015624999999999976	0.015624999999999976	0.015624999999999976	0.015624999999999976	0.015624999999999976	0.015624999999999976	0.015624999999999976	0.015624999999999976	0.015624999999999976	0.015624999999999976	0.015624999999999976	0.015624999999999976	0.015624999999999976	0.015624999999999976	0.015624999999999976	0.015624999999999976	0.015624999999999976	0.015624999999999976	0.015624999999999976	0.015624999999999976	0.015624999999999976	0.015624999999999976
178.0	0.015624999999999976	0.015624999999999976	0.015624999999999976	0.015624999999999976	0.015624999999999976	0.015624999999999976	0.015624999999999976	0.015624999999999976	0.015624999999999976	0.015624999999999976	0.015624999999999976	0.015624999999999976	0.015624999999999976	0.015624999999999976	0.015624999999999976	0.015624999999999976	0.015624999999999976	0.015624999999999976	0.015624999999999976	0.015624999999999976	0.015624999999999976	0.015624999999999976	0.015624999999999976	0.015624999999999976	0.015624999999999976	0.015624999999999976	0.015624999999999976	0.015624999999999976	0.015624999999999976	0.015624999999999976	0.015624999999999976	0.015624999999999976	0.015624999999999976	0.015624999999999976	0.015624999999999976	0.015624999999999976	0.015624999999999976	0.015624999999999976	0.015624999999999976	0.015624999999999976	0.015624999999999976	0.015624999999999976	0.015624999999999976	0.015624999999999976	0.015624999999999976	0.015624999999999976	0.015624999999999976	0.015624999999999976	0.015624999999999976	0.015624999999999976	0.015624999999999976	0.015624999999999976	0.015624999999999976	0.015624999999999976	0.015624999999999976	0.015624999999999976	0.015624999999999976	0.015624999999999976	0.015624999999999976	0.015624999999999976	0.015624999999999976	0.015624999999999976	0.015624999999999976	0.015624999999999976
2.0	0.015624999999999976	0.015624999999999976	0.015624999999999976	0.015624999999999976	0.015624999999999976	0.015624999999999976	0.015624999999999976	0.015624999999999976	0.015624999999999976	0.015624999999999976	0.015624999999999976	0.015624999999999976	0.015624999999999976	0.015624999999999976	0.015624999999999976	0.015624999999999976	0.015624999999999976	0.015624999999999976	0.015624999999999976	0.015624999999999976	0.015624999999999976	0.015624999999999976	0.015624999999999976	0.015624999999999976	0.015624999999999976	0.015624999999999976	0.015624999999999976	0.015624999999999976	0.015624999999999976	0.015624999999999976	0.015624999999999976	0.015624999999999976	0.015624999999999976	0.015624999999999976	0.015624999999999976	0.015624999999999976	0.015624999999999976	0.015624999999999976	0.015624999999999976	0.015624999999999976	0.015624999999999976	0.015624999999999976	0.015624999999999976	0.015624999999999976	0.015624999999999976	0.015624999999999976	0.015624999999999976	0.015624999999999976	0.015624999999999976	0.015624999999999976	0.015624999999999976	0.015624999999999976	0.015624999999999976	0.015624999999999976	0.015624999999999976	0.015624999999999976	0.015624999999999976	0.015624999999999976	0.015624999999999976	0.015624999999999976	0.015624999999999976	0.015624999999999976	0.015624999999999976	0.015624999999999976
201.0	0.015624999999999976	0.015624999999999976	0.015624999999999976	0.015624999999999976	0.015624999999999976	0.015624999999999976	0.015624999999999976	0.015624999999999976	0.015624999999999976	0.015624999999999976	0.015624999999999976	0.015624999999999976	0.015624999999999976	0.015624999999999976	0.015624999999999976	0.015624999999999976	0.015624999999999976	0.015624999999999976	0.015624999999999976	0.015624999999999976	0.015624999999999976	0.015624999999999976	0.015624999999999976	0.015624999999999976	0.015624999999999976	0.015624999999999976	0.015624999999999976	0.015624999999999976	0.015624999999999976	0.015624999999999976	0.015624999999999976	0.015624999999999976	0.015624999999999976	0.015624999999999976	0.015624999999999976	0.015624999999999976	0.015624999999999976	0.015624999999999976	0.015624999999999976	0.015624999999999976	0.015624999999999976	0.015624999999999976	0.015624999999999976	0.015624999999999976	0.015624999999999976	0.015624999999999976	0.015624999999999976	0.015624999999999976	0.015624999999999976	0.015624999999999976	0.015624999999999976	0.015624999999999976	0.015624999999999976	0.015624999999999976	0.015624999999999976	0.015624999999999976	0.015624999999999976	0.015624999999999976	0.015624999999999976	0.015624999999999976	0.015624999999999976	0.015624999999999976	0.015624999999999976	0.015624999999999976
202.0	0.0011492786552520329	0.0011492786552520329	0.0011492786552520329	0.0011492786552520329	0.0011492786552520329	0.0011492786552520329	0.0011492786552520329	0.0011492786552520329	0.0011492786552520329	0.0011492786552520329	0.0011492786552520329	0.0011492786552520329	0.0011492786552520329	0.0011492786552520329	0.0011492786552520329	0.0011492786552520329	0.0011492786552520329	0.0011492786552520329	0.0011492786552520329	0.0011492786552520329	0.0011492786552520329	0.0011492786552520329	0.0011492786552520329	0.0011492786552520329	0.0011492786552520329	0.0011492786552520329	0.0011492786552520329	0.0011492786552520329	0.0011492786552520329	0.0011492786552520329	0.0011492786552520329	0.0011492786552520329	0.0011492786552520329	0.0011492786552520329	0.0011492786552520329	0.9275954447191233	0.0011492786552520329	0.0011492786552520329	0.0011492786552520329	0.0011492786552520329	0.0011492786552520329	0.0011492786552520329	0.0011492786552520329	0.0011492786552520329	0.0011492786552520329	0.0011492786552520329	0.0011492786552520329	0.0011492786552520329	0.0011492786552520329	0.0011492786552520329	0.0011492786552520329	0.0011492786552520329	0.0011492786552520329	0.0011492786552520329	0.0011492786552520329	0.0011492786552520329	0.0011492786552520329	0.0011492786552520329	0.0011492786552520329	0.0011492786552520329	0.0011492786552520329	0.0011492786552520329	0.0011492786552520329	0.0011492786552520329
231.0	0.015624999999999976	0.015624999999999976	0.015624999999999976	0.015624999999999976	0.015624999999999976	0.015624999999999976	0.015624999999999976	0.015624999999999976	0.015624999999999976	0.015624999999999976	0.015624999999999976	0.015624999999999976	0.015624999999999976	0.015624999999999976	0.015624999999999976	0.015624999999999976	0.015624999999999976	0.015624999999999976	0.015624999999999976	0.015624999999999976	0.015624999999999976	0.015624999999999976	0.015624999999999976	0.015624999999999976	0.015624999999999976	0.015624999999999976	0.015624999999999976	0.015624999999999976	0.015624999999999976	0.015624999999999976	0.015624999999999976	0.015624999999999976	0.015624999999999976	0.015624999999999976	0.015624999999999976	0.015624999999999976	0.015624999999999976	0.015624999999999976	0.015624999999999976	0.015624999999999976	0.015624999999999976	0.015624999999999976	0.015624999999999976	0.015624999999999976	0.015624999999999976	0.015624999999999976	0.015624999999999976	0.015624999999999976	0.015624999999999976	0.015624999999999976	0.015624999999999976	0.015624999999999976	0.015624999999999976	0.015624999999999976	0.015624999999999976	0.015624999999999976	0.015624999999999976	0.015624999999999976	0.015624999999999976	0.015624999999999976	0.015624999999999976	0.015624999999999976	0.015624999999999976	0.015624999999999976
232.0	0.015624999999999976	0.015624999999999976	0.015624999999999976	0.015624999999999976	0.015624999999999976	0.015624999999999976	0.015624999999999976	0.015624999999999976	0.015624999999999976	0.015624999999999976	0.015624999999999976	0.015624999999999976	0.015624999999999976	0.015624999999999976	0.015624999999999976	0.015624999999999976	0.015624999999999976	0.015624999999999976	0.015624999999999976	0.015624999999999976	0.015624999999999976	0.015624999999999976	0.015624999999999976	0.015624999999999976	0.015624999999999976	0.015624999999999976	0.015624999999999976	0.015624999999999976	0.015624999999999976	0.015624999999999976	0.015624999999999976	0.015624999999999976	0.015624999999999976	0.015624999999999976	0.015624999999999976	0.015624999999999976	0.015624999999999976	0.015624999999999976	0.015624999999999976	0.015624999999999976	0.015624999999999976	0.015624999999999976	0.015624999999999976	0.015624999999999976	0.015624999999999976	0.015624999999999976	0.015624999999999976	0.015624999999999976	0.015624999999999976	0.015624999999999976	0.015624999999999976	0.015624999999999976	0.015624999999999976	0.015624999999999976	0.015624999999999976	0.015624999999999976	0.015624999999999976	0.015624999999999976	0.015624999999999976	0.015624999999999976	0.015624999999999976	0.015624999999999976	0.015624999999999976	0.015624999999999976
13.0	0.015624999999999976	0.015624999999999976	0.015624999999999976	0.015624999999999976	0.015624999999999976	0.015624999999999976	0.015624999999999976	0.015624999999999976	0.015624999999999976	0.015624999999999976	0.015624999999999976	0.015624999999999976	0.015624999999999976	0.015624999999999976	0.015624999999999976	0.015624999999999976	0.015624999999999976	0.015624999999999976	0.015624999999999976	0.015624999999999976	0.015624999999999976	0.015624999999999976	0.015624999999999976	0.015624999999999976	0.015624999999999976	0.015624999999999976	0.015624999999999976	0.015624999999999976	0.015624999999999976	0.015624999999999976	0.015624999999999976	0.015624999999999976	0.015624999999999976	0.015624999999999976	0.015624999999999976	0.015624999999999976	0.015624999999999976	0.015624999999999976	0.015624999999999976	0.015624999999999976	0.015624999999999976	0.015624999999999976	0.015624999999999976	0.015624999999999976	0.015624999999999976	0.015624999999999976	0.015624999999999976	0.015624999999999976	0.015624999999999976	0.015624999999999976	0.015624999999999976	0.015624999999999976	0.015624999999999976	0.015624999999999976	0.015624999999999976	0.015624999999999976	0.015624999999999976	0.015624999999999976	0.015624999999999976	0.015624999999999976	0.015624999999999976	0.015624999999999976	0.015624999999999976	0.015624999999999976
233.0	0.015624999999999976	0.015624999999999976	0.015624999999999976	0.015624999999999976	0.015624999999999976	0.015624999999999976	0.015624999999999976	0.015624999999999976	0.015624999999999976	0.015624999999999976	0.015624999999999976	0.015624999999999976	0.015624999999999976	0.015624999999999976	0.015624999999999976	0.015624999999999976	0.015624999999999976	0.015624999999999976	0.015624999999999976	0.015624999999999976	0.015624999999999976	0.015624999999999976	0.015624999999999976	0.015624999999999976	0.015624999999999976	0.015624999999999976	0.015624999999999976	0.015624999999999976	0.015624999999999976	0.015624999999999976	0.015624999999999976	0.015624999999999976	0.015624999999999976	0.015624999999999976	0.015624999999999976	0.015624999999999976	0.015624999999999976	0.015624999999999976	0.015624999999999976	0.015624999999999976	0.015624999999999976	0.015624999999999976	0.015624999999999976	0.015624999999999976	0.015624999999999976	0.015624999999999976	0.015624999999999976	0.015624999999999976	0.015624999999999976	0.015624999999999976	0.015624999999999976	0.015624999999999976	0.015624999999999976	0.015624999999999976	0.015624999999999976	0.015624999999999976	0.015624999999999976	0.015624999999999976	0.015624999999999976	0.015624999999999976	0.015624999999999976	0.015624999999999976	0.015624999999999976	0.015624999999999976
234.0	0.015624999999999976	0.015624999999999976	0.015624999999999976	0.015624999999999976	0.015624999999999976	0.015624999999999976	0.015624999999999976	0.015624999999999976	0.015624999999999976	0.015624999999999976	0.015624999999999976	0.015624999999999976	0.015624999999999976	0.015624999999999976	0.015624999999999976	0.015624999999999976	0.015624999999999976	0.015624999999999976	0.015624999999999976	0.015624999999999976	0.015624999999999976	0.015624999999999976	0.015624999999999976	0.015624999999999976	0.015624999999999976	0.015624999999999976	0.015624999999999976	0.015624999999999976	0.015624999999999976	0.015624999999999976	0.015624999999999976	0.015624999999999976	0.015624999999999976	0.015624999999999976	0.015624999999999976	0.015624999999999976	0.015624999999999976	0.015624999999999976	0.015624999999999976	0.015624999999999976	0.015624999999999976	0.015624999999999976	0.015624999999999976	0.015624999999999976	0.015624999999999976	0.015624999999999976	0.015624999999999976	0.015624999999999976	0.015624999999999976	0.015624999999999976	0.015624999999999976	0.015624999999999976	0.015624999999999976	0.015624999999999976	0.015624999999999976	0.015624999999999976	0.015624999999999976	0.015624999999999976	0.015624999999999976	0.015624999999999976	0.015624999999999976	0.015624999999999976	0.015624999999999976	0.015624999999999976
236.0	0.015624999999999976	0.015624999999999976	0.015624999999999976	0.015624999999999976	0.015624999999999976	0.015624999999999976	0.015624999999999976	0.015624999999999976	0.015624999999999976	0.015624999999999976	0.015624999999999976	0.015624999999999976	0.015624999999999976	0.015624999999999976	0.015624999999999976	0.015624999999999976	0.015624999999999976	0.015624999999999976	0.015624999999999976	0.015624999999999976	0.015624999999999976	0.015624999999999976	0.015624999999999976	0.015624999999999976	0.015624999999999976	0.015624999999999976	0.015624999999999976	0.015624999999999976	0.015624999999999976	0.015624999999999976	0.015624999999999976	0.015624999999999976	0.015624999999999976	0.015624999999999976	0.015624999999999976	0.015624999999999976	0.015624999999999976	0.015624999999999976	0.015624999999999976	0.015624999999999976	0.015624999999999976	0.015624999999999976	0.015624999999999976	0.015624999999999976	0.015624999999999976	0.015624999999999976	0.015624999999999976	0.015624999999999976	0.015624999999999976	0.015624999999999976	0.015624999999999976	0.015624999999999976	0.015624999999999976	0.015624999999999976	0.015624999999999976	0.015624999999999976	0.015624999999999976	0.015624999999999976	0.015624999999999976	0.015624999999999976	0.015624999999999976	0.015624999999999976	0.015624999999999976	0.015624999999999976
248.0	0.015624999999999976	0.015624999999999976	0.015624999999999976	0.015624999999999976	0.015624999999999976	0.015624999999999976	0.015624999999999976	0.015624999999999976	0.015624999999999976	0.015624999999999976	0.015624999999999976	0.015624999999999976	0.015624999999999976	0.015624999999999976	0.015624999999999976	0.015624999999999976	0.015624999999999976	0.015624999999999976	0.015624999999999976	0.015624999999999976	0.015624999999999976	0.015624999999999976	0.015624999999999976	0.015624999999999976	0.015624999999999976	0.015624999999999976	0.015624999999999976	0.015624999999999976	0.015624999999999976	0.015624999999999976	0.015624999999999976	0.015624999999999976	0.015624999999999976	0.015624999999999976	0.015624999999999976	0.015624999999999976	0.015624999999999976	0.015624999999999976	0.015624999999999976	0.015624999999999976	0.015624999999999976	0.015624999999999976	0.015624999999999976	0.015624999999999976	0.015624999999999976	0.015624999999999976	0.015624999999999976	0.015624999999999976	0.015624999999999976	0.015624999999999976	0.015624999999999976	0.015624999999999976	0.015624999999999976	0.015624999999999976	0.015624999999999976	0.015624999999999976	0.015624999999999976	0.015624999999999976	0.015624999999999976	0.015624999999999976	0.015624999999999976	0.015624999999999976	0.015624999999999976	0.015624999999999976
253.0	0.015624999999999976	0.015624999999999976	0.015624999999999976	0.015624999999999976	0.015624999999999976	0.015624999999999976	0.015624999999999976	0.015624999999999976	0.015624999999999976	0.015624999999999976	0.015624999999999976	0.015624999999999976	0.015624999999999976	0.015624999999999976	0.015624999999999976	0.015624999999999976	0.015624999999999976	0.015624999999999976	0.015624999999999976	0.015624999999999976	0.015624999999999976	0.015624999999999976	0.015624999999999976	0.015624999999999976	0.015624999999999976	0.015624999999999976	0.015624999999999976	0.015624999999999976	0.015624999999999976	0.015624999999999976	0.015624999999999976	0.015624999999999976	0.015624999999999976	0.015624999999999976	0.015624999999999976	0.015624999999999976	0.015624999999999976	0.015624999999999976	0.015624999999999976	0.015624999999999976	0.015624999999999976	0.015624999999999976	0.015624999999999976	0.015624999999999976	0.015624999999999976	0.015624999999999976	0.015624999999999976	0.015624999999999976	0.015624999999999976	0.015624999999999976	0.015624999999999976	0.015624999999999976	0.015624999999999976	0.015624999999999976	0.015624999999999976	0.015624999999999976	0.015624999999999976	0.015624999999999976	0.015624999999999976	0.015624999999999976	0.015624999999999976	0.015624999999999976	0.015624999999999976	0.015624999999999976
100.0	0.015624999999999976	0.015624999999999976	0.015624999999999976	0.015624999999999976	0.015624999999999976	0.015624999999999976	0.015624999999999976	0.015624999999999976	0.015624999999999976	0.015624999999999976	0.015624999999999976	0.015624999999999976	0.015624999999999976	0.015624999999999976	0.015624999999999976	0.015624999999999976	0.015624999999999976	0.015624999999999976	0.015624999999999976	0.015624999999999976	0.015624999999999976	0.015624999999999976	0.015624999999999976	0.015624999999999976	0.015624999999999976	0.015624999999999976	0.015624999999999976	0.015624999999999976	0.015624999999999976	0.015624999999999976	0.015624999999999976	0.015624999999999976	0.015624999999999976	0.015624999999999976	0.015624999999999976	0.015624999999999976	0.015624999999999976	0.015624999999999976	0.015624999999999976	0.015624999999999976	0.015624999999999976	0.015624999999999976	0.015624999999999976	0.015624999999999976	0.015624999999999976	0.015624999999999976	0.015624999999999976	0.015624999999999976	0.015624999999999976	0.015624999999999976	0.015624999999999976	0.015624999999999976	0.015624999999999976	0.015624999999999976	0.015624999999999976	0.015624999999999976	0.015624999999999976	0.015624999999999976	0.015624999999999976	0.015624999999999976	0.015624999999999976	0.015624999999999976	0.015624999999999976	0.015624999999999976
278.0	0.015624999999999976	0.015624999999999976	0.015624999999999976	0.015624999999999976	0.015624999999999976	0.015624999999999976	0.015624999999999976	0.015624999999999976	0.015624999999999976	0.015624999999999976	0.015624999999999976	0.015624999999999976	0.015624999999999976	0.015624999999999976	0.015624999999999976	0.015624999999999976	0.015624999999999976	0.015624999999999976	0.015624999999999976	0.015624999999999976	0.015624999999999976	0.015624999999999976	0.015624999999999976	0.015624999999999976	0.015624999999999976	0.015624999999999976	0.015624999999999976	0.015624999999999976	0.015624999999999976	0.015624999999999976	0.015624999999999976	0.015624999999999976	0.015624999999999976	0.015624999999999976	0.015624999999999976	0.015624999999999976	0.015624999999999976	0.015624999999999976	0.015624999999999976	0.015624999999999976	0.015624999999999976	0.015624999999999976	0.015624999999999976	0.015624999999999976	0.015624999999999976	0.015624999999999976	0.015624999999999976	0.015624999999999976	0.015624999999999976	0.015624999999999976	0.015624999999999976	0.015624999999999976	0.015624999999999976	0.015624999999999976	0.015624999999999976	0.015624999999999976	0.015624999999999976	0.015624999999999976	0.015624999999999976	0.015624999999999976	0.015624999999999976	0.015624999999999976	0.015624999999999976	0.015624999999999976
279.0	0.015624999999999976	0.015624999999999976	0.015624999999999976	0.015624999999999976	0.015624999999999976	0.015624999999999976	0.015624999999999976	0.015624999999999976	0.015624999999999976	0.015624999999999976	0.015624999999999976	0.015624999999999976	0.015624999999999976	0.015624999999999976	0.015624999999999976	0.015624999999999976	0.015624999999999976	0.015624999999999976	0.015624999999999976	0.015624999999999976	0.015624999999999976	0.015624999999999976	0.015624999999999976	0.015624999999999976	0.015624999999999976	0.015624999999999976	0.015624999999999976	0.015624999999999976	0.015624999999999976	0.015624999999999976	0.015624999999999976	0.015624999999999976	0.015624999999999976	0.015624999999999976	0.015624999999999976	0.015624999999999976	0.015624999999999976	0.015624999999999976	0.015624999999999976	0.015624999999999976	0.015624999999999976	0.015624999999999976	0.015624999999999976	0.015624999999999976	0.015624999999999976	0.015624999999999976	0.015624999999999976	0.015624999999999976	0.015624999999999976	0.015624999999999976	0.015624999999999976	0.015624999999999976	0.015624999999999976	0.015624999999999976	0.015624999999999976	0.015624999999999976	0.015624999999999976	0.015624999999999976	0.015624999999999976	0.015624999999999976	0.015624999999999976	0.015624999999999976	0.015624999999999976	0.015624999999999976
280.0	0.015624999999999976	0.015624999999999976	0.015624999999999976	0.015624999999999976	0.015624999999999976	0.015624999999999976	0.015624999999999976	0.015624999999999976	0.015624999999999976	0.015624999999999976	0.015624999999999976	0.015624999999999976	0.015624999999999976	0.015624999999999976	0.015624999999999976	0.015624999999999976	0.015624999999999976	0.015624999999999976	0.015624999999999976	0.015624999999999976	0.015624999999999976	0.015624999999999976	0.015624999999999976	0.015624999999999976	0.015624999999999976	0.015624999999999976	0.015624999999999976	0.015624999999999976	0.015624999999999976	0.015624999999999976	0.015624999999999976	0.015624999999999976	0.015624999999999976	0.015624999999999976	0.015624999999999976	0.015624999999999976	0.015624999999999976	0.015624999999999976	0.015624999999999976	0.015624999999999976	0.015624999999999976	0.015624999999999976	0.015624999999999976	0.015624999999999976	0.015624999999999976	0.015624999999999976	0.015624999999999976	0.015624999999999976	0.015624999999999976	0.015624999999999976	0.015624999999999976	0.015624999999999976	0.015624999999999976	0.015624999999999976	0.015624999999999976	0.015624999999999976	0.015624999999999976	0.015624999999999976	0.015624999999999976	0.015624999999999976	0.015624999999999976	0.015624999999999976	0.015624999999999976	0.015624999999999976
289.0	0.015624999999999976	0.015624999999999976	0.015624999999999976	0.015624999999999976	0.015624999999999976	0.015624999999999976	0.015624999999999976	0.015624999999999976	0.015624999999999976	0.015624999999999976	0.015624999999999976	0.015624999999999976	0.015624999999999976	0.015624999999999976	0.015624999999999976	0.015624999999999976	0.015624999999999976	0.015624999999999976	0.015624999999999976	0.015624999999999976	0.015624999999999976	0.015624999999999976	0.015624999999999976	0.015624999999999976	0.015624999999999976	0.015624999999999976	0.015624999999999976	0.015624999999999976	0.015624999999999976	0.015624999999999976	0.015624999999999976	0.015624999999999976	0.015624999999999976	0.015624999999999976	0.015624999999999976	0.015624999999999976	0.015624999999999976	0.015624999999999976	0.015624999999999976	0.015624999999999976	0.015624999999999976	0.015624999999999976	0.015624999999999976	0.015624999999999976	0.015624999999999976	0.015624999999999976	0.015624999999999976	0.015624999999999976	0.015624999999999976	0.015624999999999976	0.015624999999999976	0.015624999999999976	0.015624999999999976	0.015624999999999976	0.015624999999999976	0.015624999999999976	0.015624999999999976	0.015624999999999976	0.015624999999999976	0.015624999999999976	0.015624999999999976	0.015624999999999976	0.015624999999999976	0.015624999999999976
295.0	0.015624999999999976	0.015624999999999976	0.015624999999999976	0.015624999999999976	0.015624999999999976	0.015624999999999976	0.015624999999999976	0.015624999999999976	0.015624999999999976	0.015624999999999976	0.015624999999999976	0.015624999999999976	0.015624999999999976	0.015624999999999976	0.015624999999999976	0.015624999999999976	0.015624999999999976	0.015624999999999976	0.015624999999999976	0.015624999999999976	0.015624999999999976	0.015624999999999976	0.015624999999999976	0.015624999999999976	0.015624999999999976	0.015624999999999976	0.015624999999999976	0.015624999999999976	0.015624999999999976	0.015624999999999976	0.015624999999999976	0.015624999999999976	0.015624999999999976	0.015624999999999976	0.015624999999999976	0.015624999999999976	0.015624999999999976	0.015624999999999976	0.015624999999999976	0.015624999999999976	0.015624999999999976	0.015624999999999976	0.015624999999999976	0.015624999999999976	0.015624999999999976	0.015624999999999976	0.015624999999999976	0.015624999999999976	0.015624999999999976	0.015624999999999976	0.015624999999999976	0.015624999999999976	0.015624999999999976	0.015624999999999976	0.015624999999999976	0.015624999999999976	0.015624999999999976	0.015624999999999976	0.015624999999999976	0.015624999999999976	0.015624999999999976	0.015624999999999976	0.015624999999999976	0.015624999999999976
297.0	0.015624999999999976	0.015624999999999976	0.015624999999999976	0.015624999999999976	0.015624999999999976	0.015624999999999976	0.015624999999999976	0.015624999999999976	0.015624999999999976	0.015624999999999976	0.015624999999999976	0.015624999999999976	0.015624999999999976	0.015624999999999976	0.015624999999999976	0.015624999999999976	0.015624999999999976	0.015624999999999976	0.015624999999999976	0.015624999999999976	0.015624999999999976	0.015624999999999976	0.015624999999999976	0.015624999999999976	0.015624999999999976	0.015624999999999976	0.015624999999999976	0.015624999999999976	0.015624999999999976	0.015624999999999976	0.015624999999999976	0.015624999999999976	0.015624999999999976	0.015624999999999976	0.015624999999999976	0.015624999999999976	0.015624999999999976	0.015624999999999976	0.015624999999999976	0.015624999999999976	0.015624999999999976	0.015624999999999976	0.015624999999999976	0.015624999999999976	0.015624999999999976	0.015624999999999976	0.015624999999999976	0.015624999999999976	0.015624999999999976	0.015624999999999976	0.015624999999999976	0.015624999999999976	0.015624999999999976	0.015624999999999976	0.015624999999999976	0.015624999999999976	0.015624999999999976	0.015624999999999976	0.015624999999999976	0.015624999999999976	0.015624999999999976	0.015624999999999976	0.015624999999999976	0.015624999999999976
298.0	0.015624999999999976	0.015624999999999976	0.015624999999999976	0.015624999999999976	0.015624999999999976	0.015624999999999976	0.015624999999999976	0.015624999999999976	0.015624999999999976	0.015624999999999976	0.015624999999999976	0.015624999999999976	0.015624999999999976	0.015624999999999976	0.015624999999999976	0.015624999999999976	0.015624999999999976	0.015624999999999976	0.015624999999999976	0.015624999999999976	0.015624999999999976	0.015624999999999976	0.015624999999999976	0.015624999999999976	0.015624999999999976	0.015624999999999976	0.015624999999999976	0.015624999999999976	0.015624999999999976	0.015624999999999976	0.015624999999999976	0.015624999999999976	0.015624999999999976	0.015624999999999976	0.015624999999999976	0.015624999999999976	0.015624999999999976	0.015624999999999976	0.015624999999999976	0.015624999999999976	0.015624999999999976	0.015624999999999976	0.015624999999999976	0.015624999999999976	0.015624999999999976	0.015624999999999976	0.015624999999999976	0.015624999999999976	0.015624999999999976	0.015624999999999976	0.015624999999999976	0.015624999999999976	0.015624999999999976	0.015624999999999976	0.015624999999999976	0.015624999999999976	0.015624999999999976	0.015624999999999976	0.015624999999999976	0.015624999999999976	0.015624999999999976	0.015624999999999976	0.015624999999999976	0.015624999999999976
299.0	0.015624999999999976	0.015624999999999976	0.015624999999999976	0.015624999999999976	0.015624999999999976	0.015624999999999976	0.015624999999999976	0.015624999999999976	0.015624999999999976	0.015624999999999976	0.015624999999999976	0.015624999999999976	0.015624999999999976	0.015624999999999976	0.015624999999999976	0.015624999999999976	0.015624999999999976	0.015624999999999976	0.015624999999999976	0.015624999999999976	0.015624999999999976	0.015624999999999976	0.015624999999999976	0.015624999999999976	0.015624999999999976	0.015624999999999976	0.015624999999999976	0.015624999999999976	0.015624999999999976	0.015624999999999976	0.015624999999999976	0.015624999999999976	0.015624999999999976	0.015624999999999976	0.015624999999999976	0.015624999999999976	0.015624999999999976	0.015624999999999976	0.015624999999999976	0.015624999999999976	0.015624999999999976	0.015624999999999976	0.015624999999999976	0.015624999999999976	0.015624999999999976	0.015624999999999976	0.015624999999999976	0.015624999999999976	0.015624999999999976	0.015624999999999976	0.015624999999999976	0.015624999999999976	0.015624999999999976	0.015624999999999976	0.015624999999999976	0.015624999999999976	0.015624999999999976	0.015624999999999976	0.015624999999999976	0.015624999999999976	0.015624999999999976	0.015624999999999976	0.015624999999999976	0.015624999999999976
15.0	9.937394415184363e-05	0.9937394415184363	9.937394415184363e-05	9.937394415184363e-05	9.937394415184363e-05	9.937394415184363e-05	9.937394415184363e-05	9.937394415184363e-05	9.937394415184363e-05	9.937394415184363e-05	9.937394415184363e-05	9.937394415184363e-05	9.937394415184363e-05	9.937394415184363e-05	9.937394415184363e-05	9.937394415184363e-05	9.937394415184363e-05	9.937394415184363e-05	9.937394415184363e-05	9.937394415184363e-05	9.937394415184363e-05	9.937394415184363e-05	9.937394415184363e-05	9.937394415184363e-05	9.937394415184363e-05	9.937394415184363e-05	9.937394415184363e-05	9.937394415184363e-05	9.937394415184363e-05	9.937394415184363e-05	9.937394415184363e-05	9.937394415184363e-05	9.937394415184363e-05	9.937394415184363e-05	9.937394415184363e-05	9.937394415184363e-05	9.937394415184363e-05	9.937394415184363e-05	9.937394415184363e-05	9.937394415184363e-05	9.937394415184363e-05	9.937394415184363e-05	9.937394415184363e-05	9.937394415184363e-05	9.937394415184363e-05	9.937394415184363e-05	9.937394415184363e-05	9.937394415184363e-05	9.937394415184363e-05	9.937394415184363e-05	9.937394415184363e-05	9.937394415184363e-05	9.937394415184363e-05	9.937394415184363e-05	9.937394415184363e-05	9.937394415184363e-05	9.937394415184363e-05	9.937394415184363e-05	9.937394415184363e-05	9.937394415184363e-05	9.937394415184363e-05	9.937394415184363e-05	9.937394415184363e-05	9.937394415184363e-05
102.0	0.015624999999999976	0.015624999999999976	0.015624999999999976	0.015624999999999976	0.015624999999999976	0.015624999999999976	0.015624999999999976	0.015624999999999976	0.015624999999999976	0.015624999999999976	0.015624999999999976	0.015624999999999976	0.015624999999999976	0.015624999999999976	0.015624999999999976	0.015624999999999976	0.015624999999999976	0.015624999999999976	0.015624999999999976	0.015624999999999976	0.015624999999999976	0.015624999999999976	0.015624999999999976	0.015624999999999976	0.015624999999999976	0.015624999999999976	0.015624999999999976	0.015624999999999976	0.015624999999999976	0.015624999999999976	0.015624999999999976	0.015624999999999976	0.015624999999999976	0.015624999999999976	0.015624999999999976	0.015624999999999976	0.015624999999999976	0.015624999999999976	0.015624999999999976	0.015624999999999976	0.015624999999999976	0.015624999999999976	0.015624999999999976	0.015624999999999976	0.015624999999999976	0.015624999999999976	0.015624999999999976	0.015624999999999976	0.015624999999999976	0.015624999999999976	0.015624999999999976	0.015624999999999976	0.015624999999999976	0.015624999999999976	0.015624999999999976	0.015624999999999976	0.015624999999999976	0.015624999999999976	0.015624999999999976	0.015624999999999976	0.015624999999999976	0.015624999999999976	0.015624999999999976	0.015624999999999976
123.0	0.015624999999999976	0.015624999999999976	0.015624999999999976	0.015624999999999976	0.015624999999999976	0.015624999999999976	0.015624999999999976	0.015624999999999976	0.015624999999999976	0.015624999999999976	0.015624999999999976	0.015624999999999976	0.015624999999999976	0.015624999999999976	0.015624999999999976	0.015624999999999976	0.015624999999999976	0.015624999999999976	0.015624999999999976	0.015624999999999976	0.015624999999999976	0.015624999999999976	0.015624999999999976	0.015624999999999976	0.015624999999999976	0.015624999999999976	0.015624999999999976	0.015624999999999976	0.015624999999999976	0.015624999999999976	0.015624999999999976	0.015624999999999976	0.015624999999999976	0.015624999999999976	0.015624999999999976	0.015624999999999976	0.015624999999999976	0.015624999999999976	0.015624999999999976	0.015624999999999976	0.015624999999999976	0.015624999999999976	0.015624999999999976	0.015624999999999976	0.015624999999999976	0.015624999999999976	0.015624999999999976	0.015624999999999976	0.015624999999999976	0.015624999999999976	0.015624999999999976	0.015624999999999976	0.015624999999999976	0.015624999999999976	0.015624999999999976	0.015624999999999976	0.015624999999999976	0.015624999999999976	0.015624999999999976	0.015624999999999976	0.015624999999999976	0.015624999999999976	0.015624999999999976	0.015624999999999976
4.0	0.015624999999999976	0.015624999999999976	0.015624999999999976	0.015624999999999976	0.015624999999999976	0.015624999999999976	0.015624999999999976	0.015624999999999976	0.015624999999999976	0.015624999999999976	0.015624999999999976	0.015624999999999976	0.015624999999999976	0.015624999999999976	0.015624999999999976	0.015624999999999976	0.015624999999999976	0.015624999999999976	0.015624999999999976	0.015624999999999976	0.015624999999999976	0.015624999999999976	0.015624999999999976	0.015624999999999976	0.015624999999999976	0.015624999999999976	0.015624999999999976	0.015624999999999976	0.015624999999999976	0.015624999999999976	0.015624999999999976	0.015624999999999976	0.015624999999999976	0.015624999999999976	0.015624999999999976	0.015624999999999976	0.015624999999999976	0.015624999999999976	0.015624999999999976	0.015624999999999976	0.015624999999999976	0.015624999999999976	0.015624999999999976	0.015624999999999976	0.015624999999999976	0.015624999999999976	0.015624999999999976	0.015624999999999976	0.015624999999999976	0.015624999999999976	0.015624999999999976	0.015624999999999976	0.015624999999999976	0.015624999999999976	0.015624999999999976	0.015624999999999976	0.015624999999999976	0.015624999999999976	0.015624999999999976	0.015624999999999976	0.015624999999999976	0.015624999999999976	0.015624999999999976	0.015624999999999976
120.0	0.015624999999999976	0.015624999999999976	0.015624999999999976	0.015624999999999976	0.015624999999999976	0.015624999999999976	0.015624999999999976	0.015624999999999976	0.015624999999999976	0.015624999999999976	0.015624999999999976	0.015624999999999976	0.015624999999999976	0.015624999999999976	0.015624999999999976	0.015624999999999976	0.015624999999999976	0.015624999999999976	0.015624999999999976	0.015624999999999976	0.015624999999999976	0.015624999999999976	0.015624999999999976	0.015624999999999976	0.015624999999999976	0.015624999999999976	0.015624999999999976	0.015624999999999976	0.015624999999999976	0.015624999999999976	0.015624999999999976	0.015624999999999976	0.015624999999999976	0.015624999999999976	0.015624999999999976	0.015624999999999976	0.015624999999999976	0.015624999999999976	0.015624999999999976	0.015624999999999976	0.015624999999999976	0.015624999999999976	0.015624999999999976	0.015624999999999976	0.015624999999999976	0.015624999999999976	0.015624999999999976	0.015624999999999976	0.015624999999999976	0.015624999999999976	0.015624999999999976	0.015624999999999976	0.015624999999999976	0.015624999999999976	0.015624999999999976	0.015624999999999976	0.015624999999999976	0.015624999999999976	0.015624999999999976	0.015624999999999976	0.015624999999999976	0.015624999999999976	0.015624999999999976	0.015624999999999976
288.0	0.015624999999999976	0.015624999999999976	0.015624999999999976	0.015624999999999976	0.015624999999999976	0.015624999999999976	0.015624999999999976	0.015624999999999976	0.015624999999999976	0.015624999999999976	0.015624999999999976	0.015624999999999976	0.015624999999999976	0.015624999999999976	0.015624999999999976	0.015624999999999976	0.015624999999999976	0.015624999999999976	0.015624999999999976	0.015624999999999976	0.015624999999999976	0.015624999999999976	0.015624999999999976	0.015624999999999976	0.015624999999999976	0.015624999999999976	0.015624999999999976	0.015624999999999976	0.015624999999999976	0.015624999999999976	0.015624999999999976	0.015624999999999976	0.015624999999999976	0.015624999999999976	0.015624999999999976	0.015624999999999976	0.015624999999999976	0.015624999999999976	0.015624999999999976	0.015624999999999976	0.015624999999999976	0.015624999999999976	0.015624999999999976	0.015624999999999976	0.015624999999999976	0.015624999999999976	0.015624999999999976	0.015624999999999976	0.015624999999999976	0.015624999999999976	0.015624999999999976	0.015624999999999976	0.015624999999999976	0.015624999999999976	0.015624999999999976	0.015624999999999976	0.015624999999999976	0.015624999999999976	0.015624999999999976	0.015624999999999976	0.015624999999999976	0.015624999999999976	0.015624999999999976	0.015624999999999976
386.0	0.015624999999999976	0.015624999999999976	0.015624999999999976	0.015624999999999976	0.015624999999999976	0.015624999999999976	0.015624999999999976	0.015624999999999976	0.015624999999999976	0.015624999999999976	0.015624999999999976	0.015624999999999976	0.015624999999999976	0.015624999999999976	0.015624999999999976	0.015624999999999976	0.015624999999999976	0.015624999999999976	0.015624999999999976	0.015624999999999976	0.015624999999999976	0.015624999999999976	0.015624999999999976	0.015624999999999976	0.015624999999999976	0.015624999999999976	0.015624999999999976	0.015624999999999976	0.015624999999999976	0.015624999999999976	0.015624999999999976	0.015624999999999976	0.015624999999999976	0.015624999999999976	0.015624999999999976	0.015624999999999976	0.015624999999999976	0.015624999999999976	0.015624999999999976	0.015624999999999976	0.015624999999999976	0.015624999999999976	0.015624999999999976	0.015624999999999976	0.015624999999999976	0.015624999999999976	0.015624999999999976	0.015624999999999976	0.015624999999999976	0.015624999999999976	0.015624999999999976	0.015624999999999976	0.015624999999999976	0.015624999999999976	0.015624999999999976	0.015624999999999976	0.015624999999999976	0.015624999999999976	0.015624999999999976	0.015624999999999976	0.015624999999999976	0.015624999999999976	0.015624999999999976	0.015624999999999976
403.0	0.00020197486988273865	0.9872755831973836	0.00020197486988273865	0.00020197486988273865	0.00020197486988273865	0.00020197486988273865	0.00020197486988273865	0.00020197486988273865	0.00020197486988273865	0.00020197486988273865	0.00020197486988273865	0.00020197486988273865	0.00020197486988273865	0.00020197486988273865	0.00020197486988273865	0.00020197486988273865	0.00020197486988273865	0.00020197486988273865	0.00020197486988273865	0.00020197486988273865	0.00020197486988273865	0.00020197486988273865	0.00020197486988273865	0.00020197486988273865	0.00020197486988273865	0.00020197486988273865	0.00020197486988273865	0.00020197486988273865	0.00020197486988273865	0.00020197486988273865	0.00020197486988273865	0.00020197486988273865	0.00020197486988273865	0.00020197486988273865	0.00020197486988273865	0.00020197486988273865	0.00020197486988273865	0.00020197486988273865	0.00020197486988273865	0.00020197486988273865	0.00020197486988273865	0.00020197486988273865	0.00020197486988273865	0.00020197486988273865	0.00020197486988273865	0.00020197486988273865	0.00020197486988273865	0.00020197486988273865	0.00020197486988273865	0.00020197486988273865	0.00020197486988273865	0.00020197486988273865	0.00020197486988273865	0.00020197486988273865	0.00020197486988273865	0.00020197486988273865	0.00020197486988273865	0.00020197486988273865	0.00020197486988273865	0.00020197486988273865	0.00020197486988273865	0.00020197486988273865	0.00020197486988273865	0.00020197486988273865
404.0	0.015624999999999976	0.015624999999999976	0.015624999999999976	0.015624999999999976	0.015624999999999976	0.015624999999999976	0.015624999999999976	0.015624999999999976	0.015624999999999976	0.015624999999999976	0.015624999999999976	0.015624999999999976	0.015624999999999976	0.015624999999999976	0.015624999999999976	0.015624999999999976	0.015624999999999976	0.015624999999999976	0.015624999999999976	0.015624999999999976	0.015624999999999976	0.015624999999999976	0.015624999999999976	0.015624999999999976	0.015624999999999976	0.015624999999999976	0.015624999999999976	0.015624999999999976	0.015624999999999976	0.015624999999999976	0.015624999999999976	0.015624999999999976	0.015624999999999976	0.015624999999999976	0.015624999999999976	0.015624999999999976	0.015624999999999976	0.015624999999999976	0.015624999999999976	0.015624999999999976	0.015624999999999976	0.015624999999999976	0.015624999999999976	0.015624999999999976	0.015624999999999976	0.015624999999999976	0.015624999999999976	0.015624999999999976	0.015624999999999976	0.015624999999999976	0.015624999999999976	0.015624999999999976	0.015624999999999976	0.015624999999999976	0.015624999999999976	0.015624999999999976	0.015624999999999976	0.015624999999999976	0.015624999999999976	0.015624999999999976	0.015624999999999976	0.015624999999999976	0.015624999999999976	0.015624999999999976
406.0	0.00013943327901477608	0.9912157034220725	0.00013943327901477608	0.00013943327901477608	0.00013943327901477608	0.00013943327901477608	0.00013943327901477608	0.00013943327901477608	0.00013943327901477608	0.00013943327901477608	0.00013943327901477608	0.00013943327901477608	0.00013943327901477608	0.00013943327901477608	0.00013943327901477608	0.00013943327901477608	0.00013943327901477608	0.00013943327901477608	0.00013943327901477608	0.00013943327901477608	0.00013943327901477608	0.00013943327901477608	0.00013943327901477608	0.00013943327901477608	0.00013943327901477608	0.00013943327901477608	0.00013943327901477608	0.00013943327901477608	0.00013943327901477608	0.00013943327901477608	0.00013943327901477608	0.00013943327901477608	0.00013943327901477608	0.00013943327901477608	0.00013943327901477608	0.00013943327901477608	0.00013943327901477608	0.00013943327901477608	0.00013943327901477608	0.00013943327901477608	0.00013943327901477608	0.00013943327901477608	0.00013943327901477608	0.00013943327901477608	0.00013943327901477608	0.00013943327901477608	0.00013943327901477608	0.00013943327901477608	0.00013943327901477608	0.00013943327901477608	0.00013943327901477608	0.00013943327901477608	0.00013943327901477608	0.00013943327901477608	0.00013943327901477608	0.00013943327901477608	0.00013943327901477608	0.00013943327901477608	0.00013943327901477608	0.00013943327901477608	0.00013943327901477608	0.00013943327901477608	0.00013943327901477608	0.00013943327901477608
419.0	0.015624999999999976	0.015624999999999976	0.015624999999999976	0.015624999999999976	0.015624999999999976	0.015624999999999976	0.015624999999999976	0.015624999999999976	0.015624999999999976	0.015624999999999976	0.015624999999999976	0.015624999999999976	0.015624999999999976	0.015624999999999976	0.015624999999999976	0.015624999999999976	0.015624999999999976	0.015624999999999976	0.015624999999999976	0.015624999999999976	0.015624999999999976	0.015624999999999976	0.015624999999999976	0.015624999999999976	0.015624999999999976	0.015624999999999976	0.015624999999999976	0.015624999999999976	0.015624999999999976	0.015624999999999976	0.015624999999999976	0.015624999999999976	0.015624999999999976	0.015624999999999976	0.015624999999999976	0.015624999999999976	0.015624999999999976	0.015624999999999976	0.015624999999999976	0.015624999999999976	0.015624999999999976	0.015624999999999976	0.015624999999999976	0.015624999999999976	0.015624999999999976	0.015624999999999976	0.015624999999999976	0.015624999999999976	0.015624999999999976	0.015624999999999976	0.015624999999999976	0.015624999999999976	0.015624999999999976	0.015624999999999976	0.015624999999999976	0.015624999999999976	0.015624999999999976	0.015624999999999976	0.015624999999999976	0.015624999999999976	0.015624999999999976	0.015624999999999976	0.015624999999999976	0.015624999999999976
8.0	1.8161015563990432e-05	0.9988558560194738	1.8161015563990432e-05	1.8161015563990432e-05	1.8161015563990432e-05	1.8161015563990432e-05	1.8161015563990432e-05	1.8161015563990432e-05	1.8161015563990432e-05	1.8161015563990432e-05	1.8161015563990432e-05	1.8161015563990432e-05	1.8161015563990432e-05	1.8161015563990432e-05	1.8161015563990432e-05	1.8161015563990432e-05	1.8161015563990432e-05	1.8161015563990432e-05	1.8161015563990432e-05	1.8161015563990432e-05	1.8161015563990432e-05	1.8161015563990432e-05	1.8161015563990432e-05	1.8161015563990432e-05	1.8161015563990432e-05	1.8161015563990432e-05	1.8161015563990432e-05	1.8161015563990432e-05	1.8161015563990432e-05	1.8161015563990432e-05	1.8161015563990432e-05	1.8161015563990432e-05	1.8161015563990432e-05	1.8161015563990432e-05	1.8161015563990432e-05	1.8161015563990432e-05	1.8161015563990432e-05	1.8161015563990432e-05	1.8161015563990432e-05	1.8161015563990432e-05	1.8161015563990432e-05	1.8161015563990432e-05	1.8161015563990432e-05	1.8161015563990432e-05	1.8161015563990432e-05	1.8161015563990432e-05	1.8161015563990432e-05	1.8161015563990432e-05	1.8161015563990432e-05	1.8161015563990432e-05	1.8161015563990432e-05	1.8161015563990432e-05	1.8161015563990432e-05	1.8161015563990432e-05	1.8161015563990432e-05	1.8161015563990432e-05	1.8161015563990432e-05	1.8161015563990432e-05	1.8161015563990432e-05	1.8161015563990432e-05	1.8161015563990432e-05	1.8161015563990432e-05	1.8161015563990432e-05	1.8161015563990432e-05
